Nama_Peserta,Essay_id,Answer,Score
1116,1,Alumni;  ; Kelebihan; Permisalan; Tutorial; Imajinasi; Argumen; Baju; Rangking; Kasat mata,3
1116,2,Menggunakan bahasa yang santun dan bahasa indonesia; mengurangi gerakan yang tidak penting; menggunakan jeda; tidak terbata-bata,2
1116,3,240/120 x 60 = 240 x 2 = 480/4 = 120,5
1116,4,Omset; hektare; saksama; silakan; sirop; zaman; apotek; modern; imbau; kuwitansi,5
1116,5,pembukaan -> salam; isi -> tujuan; penutup-> salam penutup dan terimakasih,2
1605,1,Alumnus; agenda; laba; sampel; langkah-langkah; imajinasi; argumen; kostum; ranking; fiktif,5
1605,2,teknik membaca : menyampaikan laporan dengan mambaca dulu kemudian disampaikan; teknik menghafal : menyampaikan laporan dengan membaca dulu kemudian menghafal; teknik serta merta : menyampaikan laporan tanpa naskah dan tanpa mengafal; teknik outline : pembaca membawa catatan dan mengembangkan tulisan tersebut,5
1605,3,jumlah kata / waktu x 60 = 240/120 x 60 = 120 kpm,5
1605,4,omset; hektar; saksama; silakan; sirup; zaman; apotik; modern; himbau; kuitansi,4
1605,5,sutradara : mengatur jalannya pementasan ; alur : jalan cerita; panggung : tempat pementasan drama; amanat : pesan yang terkandung dalam drama,2
1503,1,alumni/ alumnus; agenda; laba; sampel; tutorial; imajinasi; argumen; kostum; ranking; fiksi,5
1503,2,"teknik membaca : dengan cara menulis laporan terlebih dahulu, lalu membacanya; teknik menghafal : dengan menulis laporan terlebih dahulu, lalu menghafalkan; teknik serta merta : dengan cara langsung, tanpa naskah dan tanpa menghafal; teknik outline : dengan cara pembicara membawa catatan, lalu mengembangkan tulisan tersebut",5
1503,3,jumlah kata yang dibaca / waktu baca x 60 = 240 /120 x 60 = 120 kpm,5
1503,4,omset; hektare; saksama; silakan; sirup; zaman; apotek; modern; himbau; kuitansi,5
1503,5,bersifat fakta; terdiri dari jawaban 5w+1h; benar-benar terjadi,2
1504,1,alumnus; jadwal; laba; sampel; langkah; imajinasi; argumen; kostum; ranking; fiktif,5
1504,2,"teknik membaca -> menyampaikan laporan dengan menulis, kemudian membaca; teknik menghafal -> menyampaikan laporan dengan menulis, kemudian menghafal; teknik serta serta -> menyampaikan laporan secara langsung, tanpa menulis dan tanpa menghafal; teknik outline -> menyampaikan laporan dengan diberi pembicara tulisan, kemudian mengembangkan tulisan tersebut",5
1504,3,jumlah kata yang dibaca/ waktu membaca (detik) x 60 = 240 / 120 x 60 = 120 kpm,5
1504,4,omset; hektar; saksama; silakan; sirop; zaman; apotek; modern; imbau; kuwitansi,5
1504,5,"evalusai -> kritik dan saran, kritik : berkomentar tanpa membangun, saran : berkomentar dengan jalan keluar; pendapat -> hal yang diungkapkan menurut sudut pandang masing-masing; tafsiran -> menceritakan ulang secara garis besarnya saja",3
1505,1,alumnus; agenda; laba; sampel; ulasan; imajinasi; argumen; kostum; rangking; fiktif,5
1505,2,suara -> terdengar oleh audiens; gerak -> gerakan yang tidak perlu; bahasa komunikatif -> dengan bahasa sesuai dengan kaidah yang baik dan benar; ekpresi -> mimik wajah; penjedaan -> pemberhentian;,2
1505,3,240 / 120 x 60 = 480 kpm ,2
1505,4,omzet; hektar; saksama; silakan; sirop; zaman; apotek; modern; imbau; kuwitansi,5
1505,5,ada penomorannya; secara urutan; gampang dipahami,2
1516,1,alumnus; agenda; laba; sampel; langkah-langkah; imajinasi; argumen; kostum; rangking; fiktif,5
1516,2,bahasa baku/ formal; factual (fakta -> benar-benar terjadi); memuat 5w+1h,2
1516,3,240/ 120 x 60 = 240 / 2 = 120 kpm,5
1516,4,omset; hektar; saksama; silakan; sirup; zaman; apotek; modern; himbau; kuwitansi,4
1516,5,naskah -> dialog; sutradara -> mengatur para pemain; aktor dan aktris -> tokoh drama; panggung -> tempat bermain drama,2
1517,1,alumnus; agenda; laba; sampel; teknik; imajinasi; argumen; kostum; ranking; fiktif,5
1517,2,vokal -> berkaitan dengan suara; penjedaan -> pemberian jeda pada akhir kalimat/ akhir kata; bahasa yang komunikatif -> bahasa yang mudah dipahami/ bahasa yang sopan dan santun; ekspresi -> mimik wajah; gerak-gerik -> gerakan saat menyampaikan laporan; suara/ pengucapan -> cara pengucapan pembicara saat menyampaikan laporan,2
1517,3,jumlah kata/ waktu membaca dalam detik x 60 -> 240/ 120 x 60 = 240 = 120 kpm,5
1517,4,omzet; hektare; saksama; silakan; sirop; zaman; apotek; modern; imbau; kuitansi,5
1517,5,"5w + 1h -> 5w  :  why, who, what, why, where + 1h = how; berupa fakta; judul",2
1518,1,alumnus; agenda; laba; pemisalan; tips; imajinasi; argumen; kostum; ranking; fitif,5
1518,2,"teknik membaca : menulis naskah, kemudian membacanya; teknik menghafal : menulis naskah, kemudian menghafalnya; teknik outline : membaca isi laporan tanpa naskah dan tanpa menghafal; teknik serta merta : menulis pokok naskah, kemudian mengembangkan tulisannya",5
1518,3,jmlh kata/ waktu x 60 = 240 / 120 x 60 = 120kpm,5
1518,4,omset; hektar; saksama; silakan; sirup; zaman; apotek; modern; imbau; kuitansi,5
1518,5,kritik : pendapat yang diberikan untuk menanggapi suatu hal; saran : pendapat yang diberikan untuk menanggapi suatu hal beserta solusi untuk membenarkannya,2
1519,1,alumnus; agenda; laba; sampel; metode; imajinasi; argumen; kostum; ranking; fiktif,5
1519,2,"teknik membaca : menyusun laporan terlebih dahulu, kemudian membacanya; teknik menghafal : membuat laporan terlebih dahulu, kemudian menghafal; teknik serta merta : menyampaikan laporan secara langsung tanpa naskah dan tanpa menghafal; teknik outline : menyiapkan catatan, kemudian mengembangkan tulisan tersebut",5
1519,3,rumus : jumlah kata / waktu baca x 60 = 240/ 120 x 60 = 120 kpm,5
1519,4,omset; hektar; saksama; silakan; sirup; zaman; apotek; modern; himbau; kuwitansi,3
1519,5,bahasa komunikatif : menggunakan bahasa indonesia yang baik dan benar; tanda baca : harus memperhatikan tanda baca; huruf kapital : harus memperhatikan penggunaan huruf besar,2
1520,1,alumnus; jadwal; laba; sampel; rumus; imajinasi; argumen; busana; ranking; fiktif,5
1520,2,volume suara -> harus terdengar oleh audiens; gerak-gerik -> harus tidak monoton; bahasa yang komunikatif -> penggunaan bahasa indonesia yang baik dan benar; volume dan gesture -> tidak monoton; mimik wajah -> berekspresi,2
1520,3,waktu per/detik : 120; kata : 240 ; jumlah kata/ waktu perdetik x 60; 240/ 120 x 60 = 240/ 2 = 120 kpm,5
1520,4,omzet; hektar; saksama; silakan; sirop; zaman; apotek; moderen; imbau; kuwitansi,5
1520,5,bersifat benar; bersifat aktual; berasal dari sumber yang terpercaya,2
1601,1,alumnus; agenda; laba; sampel; tutorial; imajinasi; argument; kostum; ranking; fiktif,5
1601,2,"teknik membaca : menulis laporan, lalu membacakannya; teknik menghafal: menulis laporan, lalu menghafalnya; teknik serta merta: menyampaikan laporan tanpa teks; teknik outline : pembicara menulis catatan, lalu mengembangkan tulisan tersebut",5
1601,3,240/ 120 x 60 = 120 kpm,5
1601,4,omset; hektare; saksama; silakan; sirup; zaman; apotek; modern; imbau; kuitansi,5
1601,5,judul: identitas dari dialog tersebut; anotasi: keterangan yang sedang dilakukan oleh tokoh; dialog: percakapan antar tokoh; babak adegan: permasalahan yang menjadi pembangun cerita,2
1602,1,alumnus; agenda; laba; sampel; prosedur; imajinasi; argumen; baju; ranking; fiktif,5
1602,2,suara -> yang keras dan terdengar oleh pendengar; vokal -> nada tinggi dan rendah saat membaca; mimik -> mimik harus sesuai dengan bacaan; gerak-gerik:  ; bahasa: menggunakan bahasa yang komunikatif;,2
1602,3,jumlah kata/ waktu membaca x 60 = 240 / 120 x 60 = 240/ 2 = 120 kpm,5
1602,4,omset; hektar; seksama; silakan; sirup; zaman; apotek; modern; imbau; kuwitansi,2
1602,5,tokoh : peran utama dan tambahan; tema : pokok-pokok cerita; latar : tempat dan waktu; amanat : pesan moral; alur : jalan cerita; bahasa: bahasa yang mudah dimengerti,5
1603,1,alumnus; rencana; laba; sampel; prosedur; imajinasi; argumen; kostum; ranking; fiktif,5
1603,2,volume suara : dapat terdengar audiens; penjedaan di tengah atau akhir; bahasa yang komunikatif : menggunkan bahasa indonesia dengan baik dan benar,2
1603,3,240/ 120 x 60 = 240 / 2 = 120 kpm,5
1603,4,omzet; hektare; saksama; silakan; sirup; zaman; apotek; modern; himbau; kuitansi,5
1603,5,"teks usulan : tema, tokoh, latar, alur, amanat, bahasa",2
1604,1,alumnus; agenda; laba; sampel; usaha; imajinasi; argumen; kostum; ranking; fiktif,5
1604,2,suara -> dapat terdengar oleh audien; vokal -> pendenger dapat menangkap isi laporan; penjedaan -> pengakhiran ditengah atau diakhir kalimat; expresi -> mimik wajah; gerak -> memperhatikan gerakan yang tidak perlu; bahasa -> tidak harus menggunakan bahasa baku,2
1604,3,rumus: jumlah kata yang dibaca/ waktu yang digunakan = 240/ 120 x 60 = 360 / 3 = 120 kpm,5
1604,4,omzet; hektare; saksama; silakan; sirop; zaman; apotek; moderen; imbau; kuitansi,5
1604,5,bahasa -> bahasa yang digunakan bagaimana; pokok-pokok informasi -> isi dari teks tersebut,2
1621,1,alumnus; agenda; laba; sampel; prosedur; imajinasi; argumen; kostum/ busana; ranking; fana,5
1621,2,vokal -> jelasnya suara; penjedaan -> jeda di setiap kalimat (agar tidak terkesan ngerap); volume -> besar kecilnya suara; ekspresi -> mimik wajah; gerak-gerik -> gerak tubuh saat menyampaikan laporan; bahasa komunikatif -> b. indonesia yang baik dan benar,2
1621,3,jmlh kata yang dibaca/ waktu membaca(s) x 60 = 240 / 120 x 60 = 120 kpm,5
1621,4,omzet; hektare; saksama; silakan; sirop; zaman; apotek; modern; imbau; kuitansi,5
1621,5,5w + 1h ; who = siapa; what = apa; where = dimana ; when = kapan; why = mengapa; how = bagaimana,2
1622,1,lulusan : alumni; rencana : agenda; keuntungan : laba; contoh : ; cara : ; khayalan : imajinasi; pendapat : pemikiran ; pakaian : kostum; peringkat : ranking; tidak nyata : fiktif,5
1622,2,teknik membaca : menyampaikan dengan membaca/ membawa naskah; teknik menghafal : menyampaikan dengan dihafalkan / tidak membaca; teknik serta merta : menyampaikan dengan tanpa naskah dan tanpa membaca; teknik outline,5
1622,3,R = jumlah kata/ waktu x 60 = 240 / 120 x 60 = 240 / 2 = 120 kpm,5
1622,4,omzet; hektar; seksama; silakan; sirup; zaman; apotek; modern; imbau; kuitansi,5
1622,5,pendapat; gagasan utama; alur,2
1623,1,alumnus; agenda; laba; sampel; metode; imajinasi; argumen; kostum; ranking; fiktif,5
1623,2,menyampaikan laporan secara lisan; suara -> dapat didengar oleh audiens; vokal -> pendengar mudah menangkap isi laporan; penjedaan -> pemberhentian ditengah/ diakhir kalimat; gerak-gerik -> hindari gerakan yang tidak perlu; mimik -> ekspresi wajah; bahasa komunikatif -> penggunaan bahasa indonesia yang baik dan benar,2
1623,3,kata/ waktu x 60 = 240 / 120 x 60 = 120 kpm,5
1623,4,omset; hektar; saksama; silakan; sirup; zaman; apotek; modern; himbau; kuitansi,5
1623,5,bahasa yang baik dan benar; menggunakan bahasa baku,2
1624,1,lulusan : alumni; rencana : rancangan; keuntungan : laba; contoh : sampel; cara : teknik; khayalan : imajinasi; pendapat : argumen; pakaian : kostum; peringkat : ranking; tidak nyata : fiktif,5
1624,2,vokal : jelas dalam pengucapan; suara : suara harus terdenger ke audiens; bahasa penyampaian : bahasa mudah difahami; gerak : gerak secukupnya; pernafasan; mimik,2
1624,3,240/ 120 x 60 = 1440/ 12 = 120 kpm,5
1624,4,omzet; hektare; saksama; silakan; sirup; zaman; apotek; modern; imbau; kuitansi,5
1624,5,alur; ringkasan; kritik saran; evaluasi; sinopsis,2
1625,1,lulusan : alumnus; rencana : agenda; keuntungan : laba; contoh : sampel; cara : ; khayalan : imajinasi; pendapat : argumen; pakaian : kostum; peringkat: ranking; tidak nyata : fiktif,5
1625,2,"teknik membaca : menyusun laporan secara tertulis, kemudian membacanya; teknik menghafal : menulis laporan terlebih dahulu, kemudian menghafalnya; teknik serta merta: menyampaikan laporan secara langsung tanpa menghafalnya; teknik outline : menulis laporan, kemudian memahami tulisan tersebut",5
1625,3,jumlah kata/ waktu (detik) x 60 = 240 / 120 x 60 = 120 kpm,5
1625,4,omset; hektar; saksama; silakan; sirup; zaman; apotik; modern; imbau; kuitansi,5
1625,5,bahasa yang komunikatif -> harus menggunakan bahasa yang baik dan benar; isinya harus lengkap -> agar tidak salah membaca; terdapat salam pembuka -> agar lebih sopan,2
1706,1,alumnus; agenda; laba; sampel; teknik; imajinasi; argumen; kostum; rangking; fiktif,5
1706,2,teknik membaca -> mencatat laporan lalu membacanya; teknik menghafal -> mencatat laporan lalu menghafalnya; teknik serta merta -> tanpa mencatat laporan atau menghafalkan; teknik outline -> membuat pokok-pokok catatan lalu membaca dan mengembangkan,5
1706,3,240/ 120 x 60 = 120 kpm,5
1706,4, ; hektare; saksama; silakan; sirup; zaman; apotek; modern; himbau; kwitansi,4
1706,5,terdapat penomeran -> penomeran yang urut; terdapat perintah -> perintah melakukan/ membuat sesuatu,2
1707,1,alumnus; agenda; laba; sampel; teknik; imajinasi; argumen; costum; rangking; fiktif,5
1707,2,"teknik menyampaikan laporan secara lisan : volume suara, vokal, penjedaan, mimik wajah, gerak-gerik, bahasa komunikatif, teknik menyampaikan laporan dengan membaca : menyusun teks dahulu, kemudian membaca; teknik menyampaikan laporan dengan menghafal : menulis teks terlebih dahulu, kemudian menghafalnya; teknik menyampaikan laporan serta merta : menyampaikan laporan secara langsung, tanpa membaca tanpa menghafal teksnya; teknik menyampaikan laporan outline : pembicara menyiapkan teksnya, kemudian mengembangkan teks tersebut",5
1707,3,"240/120 x 60 = 120 kpm, Dani membaca dengan kecepatan 120 kpm",5
1707,4,omset; hektare; saksama; silakan; sirup; zaman; apotek; modern; himbau; kuitansi,5
1707,5,"penyutradaraan : sutradara adala orang yang mengatur tim dan jalannya drama; aktor/ aktris : peran, yang memerankan tokoh; tata cahaya : cahaya, gelap terang; tata rias : costum, make up; tata musik : backsound drama tersebut; dialog : pembicaraan yang dilakukan antar tokoh",2
1708,1,lulusan : alumnus; rencana : agenda; keuntungan : laba; contoh : sampel; cara : upaya ; khayalan : imajinasi; pendapat : argumen; pakaian : kostum; peringkat: ranking; tidak nyata : fiktif,5
1708,2,"teknik membaca : menyusun laporan terlebih dahulu, kemudian dibacanya; teknik menghafalkan : membat laporan terlebih dahulu, kemudian menghafalkan; teknik serta merta : teknik menyampaikan secara langsung tanpa naskah tanpa menghafalkan; teknik outline : pembicara menyiapkan catatan, kemudian menembangkan tulisan tersebut",5
1708,3,240/ 120 x 60 = 120 kpm,5
1708,4,Omset; hektare; saksama; silakan; sirop; zaman; apotik; modern; imbau; kuitansi,5
1708,5,"orientasi : judul, tokoh, peran latar; tafsiran : sinopsis (menceritakan ulang); evaluasi : kritik dan saran , penyutradaraan, tata rias, tata panggung, tata pencahayaan, tata musik, aktor dan aktris; rangkuman : amanat",5
1709,1,alumnus; jadwal; laba; sampel; prosedur; imajinasi; argumen; baju; ranking; fiktif,5
1709,2,teknik membaca : teknik dengan cara menulis laporan lalu membacanya; teknik menghafal : teknik dengan cara menulis laporan lalu menghafalnya; teknik serta merta : teknik menyampaikan laporan tanpa menulis dan menghafalnya; teknik outline : teknik menyampaikan laporan dengan cara memahami informasi-informasi yang terdapat pada laporan,5
1709,3,240/ 120 x 60 = 120 kpm,5
1709,4,omset; hektar; saksama; silakan; sirup; zaman; apotek; modern; imbau; kuwitansi,4
1709,5,tema : ide yang ada didalam teks; judul : nama teks; isi : isi teks/ inti dari teks; latar waktu & tempat : waktu dan tempat yang ada didalam teks,2
1710,1,lulusan -> alumnus; rencana -> wacana; keuntungan -> laba; contoh : sampel; cara -> tutorial; khayalan -> imajinasi; pendapat -> argumen; pakaian -> sandang; peringkat -> ranking; tidak nyata -> fiktif,5
1710,2,"teknik membaca -> menulis laporan secara tertulis, kemudian membacanya; teknik menghafal -> menulis laporan terlebih dahulu, kemudian menghafalnya; teknik serta merta -> menyampaikan laporan secara langsung, tanpa naskah dan tanpa menghafalnya; teknik outline -> pembicara memberikan catatan, kemudian mengembangkan tulisan tersebut",5
1710,3,"rumus : jumlah kata yang dibaca/ jumlah waktu yang dibutuhkan x 60 = 240 / 120 x 60 = 14400/ 120 = 1440/ 12 = 120 kpm, jadi kecepatan membaca dani adalah 120 kpm",5
1710,4,omzet; hektare; saksama; silakan; sirop; zaman; apotek; modern; imbau; kuitansi,5
1710,5,tek usulan adalah teks yang bertujuan untuk mengulas sebuah cerita,3
1716,1,lulusan : alumnus; rencana : agenda; keuntungan : laba; contoh : sampel; cara : make; khayalan : imajinasi; pendapat : argumen; pakaian : baju; peringkat : ranking; tidak nyata : fiktif;,5
1716,2,teknik menyampaikan laporan : ; teknik membaca; menulis laporan lalu dibacakan; teknik menghafal; menulis laporan lalu menghafalkan; teknik serta merta; menyampaikan laporan secara langsung tanpa teks dan tanpa menghafal; teknik outline; pembicara memberi catatan kecil lalu dikembangkan deh yang menyampaikan laporan,5
1716,3,dani 240 kata/ 120 (s) 240/ 120 x 60  2 x 60 = 120 kpm (kata per menit),5
1716,4,omset - omzet; hektare - hektar; seksama - saksama; silahkan - silakan; sirup - sirop; jaman - zaman; apotek - apotik; modern - moderen; himbau - imbau; kuitansi - kwitansi,4
1716,5,teks usulan : teks untuk mengevaluasi sesuatu; unsur - unsur : mengevaluasi scr jujur dan objektif; mengevaluasi dengan baik dan benar; menyampaikan evaluasi dengan bahasa yang baik; menulis evaluasi di buku; menyimpan menggunakan bahasa yang komunikatif,3
1717,1,lulusan : alumnus; rencana : agenda; keuntungan : laba; contoh : sampel; cara : petunjuk; khayalan : imajinasi; pendapat : argumen; pakaian : kostum; peringkat : ranking; tidak nyata : fiktif,5
1717,2,teknik membaca -> teknik dengan menulis laporan terlebih dahulu kemudian membacanya; teknik menghafal -> teknik dengan menulis laporan terlebih dahulu kemudian menghafalnya; teknik serta merta -> teknik menyampaikan tanpa menggunakan naskah dan tanpa menghafal; teknik outline -> teknik ketika pembicara hanya mencatat poin-poin penting kemudian dijabarkan sendiri,5
1717,3,jumlah kata/ waktu (detik) x 60 = 240 / 120 x 60 = 2 x 60 = 120 kpm,5
1717,4,omset - omzet; hektare - hektar; seksama - saksama; silahkan - silakan; sirup - sirop; jaman - zaman; apotek - apotik; modern - moderen; himbau - imbau; kuitansi - kwitansi,5
1717,5,volume suara : dapat didengar oleh seluruh audiens; vokal : dapat didengar secara jelas; penjelasan : pemberhentian ditengah atau diakhir kalimat; ekspresi : mimik wajah; gerak gerik : mengurangi gerakan yang tidak perlu; bahasa yang komunikatif: penggunaan bahasa indonesia dengan baik dan benar,2
1718,1,lulusan : alumnus; rencana : agenda; keuntungan : laba; contoh : sample; cara : petunjuk / ? langkah - langkah ; khayalan : imajinasi; pendapat : argumen; pakaian : kostum; peringkat : ranking ; tidak nyata : fiktif,5
1718,2,"teknik menyampaikan laporan : ; teknik membaca: menulis laporan terlebih dahulu kemudian membacanya; teknik menghafal : menyusun/ menulis laporan kemudian menghafalnya; teknik serta merta : menyampaikan laporan secara langsung, tanpa naskah/ tanpa menghafal; teknik outline : pembicara menyusun laporan/ list kemudian mengembangkan tulisan tersebut",5
1718,3,jumlah kata yang dibaca / waktu baca (detik) x 60 -> 240 / 120 x 60 = 120 kpm; kpm : kata per menit,5
1718,4,omset; hektar; saksama; silakan; sirup;  zaman; apotek ; modern ;  imbau; kuitansi,5
1718,5,judul : judul dalam teks tersebut; anotasi; dialog : percakapan; babak/ adegan,2
1719,1,alumnus; agenda; laba; sampel; urutan; imajinasi; argumen; kostum; ranking; fiktif,5
1719,2,"teknik membaca -> teknik dengan cara menulis laporan, lalu membacanya; teknik menghafal -> teknik dengan cara menuliskan laporan, lalu menghafalnya; teknik serta merta -> teknik dengan cara langsung, tanpa teks dan tanpa menghafal; teknik outline -> teknik dengan cara membawa secarik kertas yang berisi gagasan pokok, lalu mengembangkannya sendiri",5
1719,3,R = jumlah kata/ waktu x 60 = 240 / 120 x 60 = 120 kpm,5
1719,4,omset; hektar; saksama; silakan; sirop; zaman; apotek; modern; imbau; kuitansi,5
1719,5,orientasi : adalah gambaran ulang terhadap objek; tafsiran : adalah ulasan terhadap objek; evaluasi : adalah penilaian terhadap objek; rangkuman : ringkasan isi ulasan,5
1720,1,alumnus; tujuan; laba; sampel; petunjuk; imajinasi; argumen; busana; ranking; fiktif,5
1720,2,"volume suara; suara harus keras; vokal atau mengucapkan; pengucapannya harus benar dan jelas; penjedaan; perhentian di tengah atau diakhir kalimat; gerak - gerik; gerakan harus cepat; ekspresi; wajah atau ekspresi yang sesuai dengan laporannya; bahasa komuniatif; bahasa yang benar, tepat, dan jelas, mudah dipahami atau dimengerti oleh audiens atau pendengar",2
1720,3,jumlah kata/ waktu baca (detik) x 60 = 240 / 120 x 60 = 120 kpm,5
1720,4,Omset; hektare; saksama; silakan; sirop; zaman; apotek; modern; imbau; kuwitansi,5
1720,5,kata-kata yang tepat; kata perkata harus tepat; baasa yang baik; penggunaan bahasanya,2
1721,1,alumnus; agenda; laba; sampel; langkah; imajinasi; argumen; kostum; ranking; fiktif,5
1721,2,"teknik membaca -> menyusun laporan, lalu membacanya; teknik menghafal -> menulis laporan, lalu dihafalkan; teknik serta merta -> tidak ditulis, dan tidak dihafalkan; teknik outline -> pembicaraan menyiapkan catatan, lalu tertulis hal-hal yang penting",5
1721,3,jumlah kata / waktu x 60 = 240/120 x 60 = 120 kpm,5
1721,4,Omset; hektare; saksama; silakan; sirop; zaman; apotek; modern; imbau; kuwitansi,5
1721,5,tema : hal yang akan dibahas; alur : jalan cerita; latar : tempat dan waktu dilaksanakan; bahasa : kata yang sesuai; amanat : hal yang bisa diambil,2
1722,1,alumnus; agenda; laba; sampel; prosedur; imajinasi; argumen; kostum; ranking; fiktif,5
1722,2,teknik membaca; pembicara membuat teks dan membacakannya; teknik menghafal; pembicara membuat teks dan menghafalkannya; teknik serta merta; secara langsung tanpa naskah/ menghafal; teknik outline; pembicara membuat inti naskah dan mengembangkannya,5
1722,3,kata/ waktu x 60 = 240 / 120 x 60 = 120 kpm (kata per menit),5
1722,4,omset; hektar; saksama; silakan; sirup; zaman; apotek; modern; himbau; kuitansi,4
1722,5,"orientasi -> judul, tokoh, peran latar; tafsiran -> menceritakan kembali; evaluasi -> kritik dan saran; rangkuman -> amanat",5
1723,1,lulusan : alumnus; rencana : jadwal; keuntungan : laba; contoh : sampel; cara : teknnik; khayalan : imajinasi; pendapat : argumen; pakaian : kostum; peringkat : ranking; tidak nyata : fiktif,5
1723,2,"teknik membaca : membuat laporan terlebih dahulu, lalu membacanya; teknik menghafal : menulis terlebih dahulu laporannya, lalu dihafalkan; teknik serta merta : menyapaikan laporan secara langsung tanpa naskah dan tanpa dialog; teknik orlient : penulis membuat catatan terlebih dahulu, lalu mengembangkan catatannya",5
1723,3,240/ 120 x 60 = 2 x 60 = 120 kpm,5
1723,4,omzet; hektar; saksama; silakan; sirup; zaman; apotik; modern; imbau; kuwitansi,4
1723,5,tata riasan; tata cahaya; tata musik; tata penyutradaraan,2
1208,1,lulusan : alumnus; rencana : agenda; keuntungan : laba; contoh : sampel; cara : teknik; khayalan : imajinasi; pendapat : argumen; pakaian : kostum; peringkat : ranking; tidak nyata : fiktif,5
1208,2,"teknik membaca : menyusun laporan secara tertulis, kemudian membaca; teknik menghafal : menulis terlebih dahulu, kemudian menghafal; teknik serta merta : menyampaikan laporan secara langsung tanpa membaca naskah dan tanpa menghafal; teknik outline : membuat catatan, kemudian mengembangkan catatan tersebut",5
1208,3,240/ 120 x 60 = 120 kpm,5
1208,4,omzet; hektare; saksama; silakan; sirop; zaman; apotek; modern; imbau; kuitansi,5
1208,5,menggunakan penomeran; menggunakan bahasa yang efektif,2
1209,1,alumnus; agenda; laba; sampel; teknik; imajinasi; argumen; kostum; ranking; fiktif,5
1209,2,"teknik membaca : menyampaikan laporan dengan cara membaca laporan tersebut; teknik menghafal : menulis laporan dahulu, lalu menghafalkannya; teknik serta merta : menyampaikan laporan dengan cara tidak membawa naskah dan tidak menghafalkannya; teknik outline : menyampaikan laporan dengan cara membawa catatan tetapi hanya pokok-pokoknya saja, lalu mengembangkan pokok-pokok tersebut",5
1209,3,jumlah kata/ waktu baca (detik) x 60 = 240 / 120 x 60 = 120 kpm,5
1209,4,omzet; hektare; saksama; silakan; sirop; zaman; apotek; modern; imbau; kuitansi,5
1209,5,urut : tahapannya urut; menggunakan bahasa yang baik dan benar,2
1210,1,alumnus; agenda; laba; sampel; teknik; imajinasi; argumen; kostum; ranking; fiktif,5
1210,2,"teknik membaca : menulis laporan kemudian membacanya; teknik menghafal : menulis laporan kemudian menghafalkannya, disampaikan tanpa melihat teks laporan; teknik serta merta : menyampaikan secara langsung tanpa menulis atau membaca; teknik outline : mencatat pokok - pokok laporan kemudian dikembangkan sendiri saat menyampaikannya",5
1210,3,"jumlah kata/ kata per detik x 60 = 240 kata/ 120 detik x 60 = 120 kata per menit (kpm); jadi, dani membaca teks dengan kecepatan 120 kpm",5
1210,4,omzet; hektare; saksama; silakan; sirop; zaman; apotek; modern; himbau; kuitansi,5
1210,5,"orientasi : terdiri dari nama tokoh, peran tokoh, tema, dan judul; isi : terdiri dari sinopsis, alur, dan latar; evalusai : terdiri kritik dan saran tentang aspek-aspek drama; aspek akting; aspek kostum; aspek tata rias; aspek setting; aspek pencahayaan dan lainnya; rangkuman : terdiri dari amanat yang ingin disampaikan",5
1211,1,alumnus; agenda; laba; sample; teknik; imajinasi; argumen; kostum; ranking; fiktif,5
1211,2,teknik membaca -> menyusun isi laporan lalu membacanya; teknik menghafal -> menyusun isi laporan lalu menghafalkannya; teknik serta merta -> menyampaikan laporan tanpa naskah dan tanpa menghafal; teknik outline -> membawa catatan lalu mengembang catatan tersebut,5
1211,3,240/ 120 x 60 = 120 kpm (kata per menit),5
1211,4,omzet; hektare; saksama; silakan; sirup; zaman; apotek; modern; imbau; kuitansi,5
1211,5,orientasi -> pembukaan atau awalan; isi -> isi teks ulasan; alur -> jalannya cerita; kesimpulan -> inti dari semuanya atau hasil akhir,2
1212,1,alumnus; agenda; laba; sampel; teknik; imajinasi; argumen; kostum; ranking; fiktif,5
1212,2,"teknik membaca : menyiapkan laporan tertulis, kemudian membacanya; teknik menghafal : menulis laporan terlebih dahulu, kemudian menghafalnya; teknik serta merta : menyampaikan laporan secara langsung, tanpa naskah dan tanpa menghafal; teknik outline : menyiapkan catatan, kemudian mengembangkan catatan tersebut",5
1212,3,rumus : jumlah kata yang dibaca/ waktu baca (dalam detik) x 60 = 240 kata / 120 detik x 60 = 120 kpm,5
1212,4,omzet; hektare; saksama; silakan; sirop; jaman; apotek; modern; imbau; kuitansi,5
1212,5,"prosedur melakukan sesuatu, menjelaskan tentang bagaimana melakukan suatu kegiatan yang hasil akhirnya berupa selesainya suatu kegiatan contoh : mencuci baju; prosedur membuat sesuatu, menjelaskan tentang bagaimana cara membuat sesuatu secara urut dan lengkap, contoh : cara membuat tempat pensil",2
1213,1,lulusan : alumnus; rencana : agenda; keuntungan : laba; contoh : sampel; cara : procedure; khayalan : imajinasi; pendapat : pendapat; pakaian : kostum; peringkat : rangking; tidak nyata : fiktif,5
1213,2,"vokal : suara harus keras dan jlas apa yang sedang diucapkan, pengucapan kata harus baku dan benar; ekspresi : usahakan mimik wajah tidak membuat audiens salah fokus dan tetap menyimak laporan dengan baik; gerak-gerik : hindari gerakan yang tidak perlu, contoh: gerak-gerik kepala",2
1213,3,240/ 120 x 60 = 240 / 2 = 120 kpm -> dani membaca buku dengan kecepatan 120 kpm,5
1213,4,omzet; hektare; saksama; silakan; sirup; zaman; apotik; modern; imbau; kuwitansi,5
1213,5,"pembuka : prolog suatu teks ulasan untuk menyambut pembaca; isi : isi ulasan/ inti dari teks ulasan; penutup : epilog suatu teks ulasan, dan disambung ucapan 'terimakasih'",2
1214,1,alumnus; agenda; laba; sampel; teknik; imajinasi; argumen; kostum; ranking; fiktif,5
1214,2,vokal : harus bisa didengar oleh audiens; suara : pengucapan harus jelas agar audiens dapat menangkap laporan yang dibicarakan; penjedaan : tempat berhenti ketika membaca harus sesuai; ekspresi : mimik wajah saat membaca; bahasa yang komunikatif : penggunaan bahasa indonesia yang baik dan benar,2
1214,3,240/ 120 x 60 = 240 / 2 = 120 kpm (kata per menit),5
1214,4,omzet; hektare; saksama; silakan; sirop; jaman; apotek; modern; imbau; kuitansi,5
1214,5,menggunakan bahasa yang efektif tidak bertele-tele; jelas : dapat dipahami oleh pembaca; mencakup semua materi; runtut : urutan harus jelas; menggunakan bahasa yang komunikatif; memberi contoh-contoh yang factual; menyampaikan informasi terbaru,2
1229,1,lulusan : alumnus; rencana : ; keuntungan : laba; contoh : ; cara : ; khayalan : imajinasi; pendapat : argumen; pakaian : kostum; peringkat : ranking; tidak nyata : fiktif,5
1229,2,"dengan bahasa baku, laporan harus fakta, saat menyampaikan laporan mimik wajah harus diperhatikan, penjedaan diawal atau diakhir kalimat",2
1229,3,240/ 120 x 60 = 120 kpm,5
1229,4,omzet; hektare; saksama; silakan; sirop; zaman; apotek; modern; imbau; kuitansi,5
1229,5,kritik : mengomentari negatif; saran : memberikan solusi positif,2
1230,1,alumnus; agenda; laba; sample; proses; imajinasi; argument; kostum; rangking; fiktif,5
1230,2,teknik outline - membaca catatan dan mengembangkannya; teknik membaca - menulis laporan dan membacanya; teknik menghafal - menulis laporan dan menghafalnya; teknik serapan - menyampaikan sesuai urutan yang sudah dibaca,5
1230,3,240/ 120 x 60 = 240 / 2 = 120 kpm,5
1230,4,omzet; hektare; saksama; silakan; sirup; zaman; apotek; modern; himbau; kuwitansi,5
1230,5,menggunakan bahasa yang efektif; menggunakan penomeran,2
1301,1,alumnus; agenda; laba; sampel; teknik; imajinasi; argumen; kostum; ranking; fiksi,5
1301,2,"teknik membaca : menyiapkan laporan lalu membacanya; teknik menghafal : laporan yang disiapkan dihafal lalu disampaikan; teknik serta merta : biasanya secara dadakan sehingga tidak membaca teks, maupun menghafalkannya; teknik outline : menyiapkan catatan pokok isi laporan lalu mengembangkannya",5
1301,3,240/ 120 x 60 = 120 kpm,5
1301,4,omzet; hektare; saksama; silakan; sirop; zaman; apotek; modern; himbau; kuwitansi,5
1301,5,"orientasi : berisi latar belakang teks yang diulas antara lain tokoh, tema, judul, dan lainnya; tafsiran : berisi rangkaian cerita atau sinopsis dan alur; evaluasi : berisi kritik dan saran beserta argumen dan solusi permasalahan; rangkuman : berisi amanat dan kesimpulan dari teks yang diulas",5
1302,1,alumnus; agenda; laba; sampel; teknik; imajinasi; argumen; kostum; ranking; fiktif,5
1302,2,"teknik membaca : menulis laporan diselembar kertas kemudian dibaca; teknik menghafal : menulis laporan di selembar kertas kemudian dihafalkan; teknik serta merta: tidak menulis dan tidak menghafal, ceplas ceplos; teknik outline : menulis gagasan utama laporan kemudian dikembangkan",5
1302,3,kata yang dibaca / waktu x 60 = 240 / 120 x 60 = 120 kpm,5
1302,4,omzet; hektare; saksama; silakan; sirop; zaman; apotek; modern; imbau; kuitansi,5
1302,5,"orientasi : mencangkup judul, tokoh, latar, dan lain-lain; tafsiran terdapat sinopsis (cerita ulang); evaluasi : meliputi kritik dan saran; rangkuman : adanya amanat",5
1303,1,alumnus; agenda; laba; sampel; teknik; imajinasi; argumen; kostum; ranking; fiktif,5
1303,2,teknik membaca : teknik membacakannya dengan melihat teks laporan; teknik menghafal : teknik menulis laporan lalu menghafalkannya dan menyampaikan tanpa teks; teknik serta merta : teknik menyampaikan langsung tanpa teks dan menghafal; teknik outline : hanya mencatat pokok-pokoknya lalu mengembangkannya sendiri,5
1303,3,240/ 120 x 60 = 240 / 2 = 120 kpm,5
1303,4,omzet; hektare; saksama; silakan; sirop; zaman; apotek; modern; imbau; kuitansi,5
1303,5,5w + 1h; what (apa); when (kapan); who (siapa); where (dimana); why (mengapa); how (bagaimana),2
1304,1,alumnus; agenda; laba; sampel; langkah; imajinasi; argumen; kostum; ranking; fiktif,5
1304,2,suara : harus dapat didengar oleh audiens; vokal : harus jelas pengucapannya; gerak : menghindari gerak yang tidak diperlukan; ekspresi : sesuai dengan isinya (memasang wajah yang sesuai dengan suasananya); penjedaan : harus mengetahui dimana harus memberi jeda / berhenti sebentar; bahasa komunikatif : penggunaan bahasa indonesia yang baik dan benar,2
1304,3,240/ 120 x 60 = 120 kata per menit,5
1304,4,"omzet, hektare, saksama, silakan, sirop, zaman, apotek, modern, imbau, kuitansi",5
1304,5,orientasi : ulasan yang mengarah ke kesan dan detail pementasan ; tafsiran : ulasan yang mengarah ke ceritanya; evaluasi : ulasan yang mengarah ke aktor/ pemainnya; R : ulasan yang mengarah ke amanat/ kesan penonton,5
1305,1,lulusan : alumnus; rencana : agenda; keuntungan : laba; contoh : sampel; cara : teknik; khayalan : imajinasi; pendapat : argumen; pakaian : kostum; peringkat : rangking; tidak nyata : fiktif,5
1305,2,vokal : suara terdengar jelas oleh audiens; suara : audien dapat menerima dengan jelas isi yang disampaikan; penjedaan : perhentian diawal dan diakhir kalimat; bahasa komunikatif : menggunakan bahasa yang baik dan benar; gerakan : hindari gerakan yang tidak penting,2
1305,3,R = jumlah kata/ waktu x 60 = 240 / 120 x 60 = 120 kpm,5
1305,4,omzet; hektare; saksama; silakan; sirop; zaman; apotek; modern; imbau; kuitansi,5
1305,5,"naskah : menuntun pemeran untuk berdialog, berekspresi dan bergerak; sutradara : mengatur jalannya pementasan; aktor dan aktris : pemeran dari sebuah drama; punggung : tempat bermain sebuah drama",2
1316,1,alumnus; agenda; laba; sampel; teknik; imajinasi; argumen; kostum; ranking; fiktif,5
1316,2,teknik membaca : membuat teks dan dibaca saat menyampaikan; teknik menghafal : membaca lalu dihafalkan ; teknik serta merta : menyampaikan seadanya; teknik outline : mengembangkan pokok inti yang telah dicatat,5
1316,3,240/ 120 x 60 = 120 kpm,5
1316,4,omzet; hektare; seksama; silakan; sirop; zaman; apotik; modern; imbau; kuitansi,5
1316,5,"orientasi : penjelasan seperti tokoh, judul, setting; tafsiran : alur drama; evaluasi : kritik dan saran; rangkuman : kesimpulan, amanat",5
1317,1,alumnus; agenda; laba; sampel; teknik; imajinasi; argumentasi; kostum; ranking; fiktif,5
1317,2,teknik  membaca : menulis -> dibaca; teknik menghafal : menulis -> membaca -> menghafal; teknik serta merta : langsung tanpa teks; teknik outline : mengembangkan isi laporan,5
1317,3,240/ 120 x 60 = 120 kpm,5
1317,4,omzet; hektare; saksama; silakan; sirop; zaman; apotek; modern; himba; kuitansi,5
1317,5,menyiapkan barang yang akan digunakan; buatlah sesuatu yang ingin kita mau,2
1318,1,alumnus; agenda; laba; sampel; teknik; imajinasi; argumen; kostum; ranking; fiktif,5
1318,2,"teknik membaca; menyampaikan laporan dengan menyiapkan teks tertulis terlebih dahulu kemudian, membaca teks tersebut; teknik menghafal; menyampaikan laporan dengan menyiapkan teks tertulis terlebih dahulu kemudian, dihafalkan ( pada saat menyampaikan tanpa teks ); teknik serta merta; tanpa menyiapkan teks tertulis dan tanpa menghafal. Bersifat tidak resmi. Contoh : laporan pandang mata; teknik outline; menyiapkan teks tertulis berisi gagasan pokok, kemudian dikembangkan secara langsung di depan audiens",5
1318,3,jumlah kata yang dibaca / waktu baca (detik) x 60 = 240 /120 x 60 = 120 kpm,5
1318,4,omzet; hektare; saksama; silakan; sirop; zaman; apotek; modern; imbau; kuwitansi,5
1318,5,"orientasi : gambaran umum tentang objek yang diulas (judul, contoh + peran, latar); tafsiran : pandangan pada objek yang diulas (sinopsis); evaluasi : penilaian tentang objek yang diulas (kritik, saran); rangkuman : ringkasan tentang ulasan tersebut (amanat)",5
1319,1,alumnus; agenda; laba; sampel; teknik; imajinasi; argumen; kostum; ranking; fiktif,5
1319,2,volume suara; vokal; penjedaan -> berhenti sejenak; ekspresi -> mimik wajah; gerak-gerik; bahasa yang komunikatif -> bahasa indonesia yang baik dan benar,2
1319,3,240/ 120 x 60 = 240 / 2 = 120 kpm,5
1319,4,omzet; hektare; saksama; silakan; sirop; zaman; apotek; modern; imbau; kuitansi,5
1319,5,"orientasi  : judul, tokoh + peran, latar; tafsiran : sinopsis; evaluasi : kritik dan saran; rangkuman : amanat",5
1320,1,alumni; agenda; laba; sampel; teknik; imajinasi; argumen; kostum; ranking; fiktif,5
1320,2,volume suara : terdengar oleh audiens sehingga menangkap isi laporan; gerakan-gerakan : hindari gerakan tidak penting; bahasa yang komunikatif : penggunaan bahasa yang baik dan benar; vokal : pengucapan jelas,2
1320,3,240/ 120 x 60 = 24/ 12 x 60 = 120 kpm,5
1320,4,omzet; hektare; saksama; silakan; sirop; zaman; apotek; modern; imbau; kuitansi,5
1320,5,judul : pengantar cerita; anotasi : dialog tokoh; ket. pengadeganan : watak tokoh; babak dan adegan : konflik pembentuk cerita,2
1401,1,alumnus; agenda; laba; sampel; teknik; imajinasi; saran; kostum; ranking; fiksi,5
1401,2,"membaca : menulis laporan lalu dibaca didepan audiens;menghafal : menulis lalu menghafal teks laporan lalu menghafalkan teks kepada audiens tanpa membaca; outline : menulis pokok-pokok laporan lalu dikembangkan didepan audiens; tanpa menulis dan menghafal dan langsung diceritakan didepan audiens, biasanya bersifat nonformal",5
1401,3,240/ 120 x 60 = 120 kpm,5
1401,4,omset; hektar; saksama; silakan; sirop; zaman; apotek; modern; imbau; kuitansi,5
1401,5,non formal : tidak harus menggunakan kata bantu; sopan : tidak menggunakan kata kasar; jelas : harus jelas/ mudah dipahami,2
1402,1,lulusan : alumnus; rencana : agenda; keuntungan : laba; contoh : sampel; cara : teknik; khayalan : imajinasi; pendapat : menurut; pakaian : kostum; peringkat : rangking; tidak nyata : fiktif,5
1402,2,menyiapkan alat tulis; mencatat apa yang disampaikan,2
1402,3,240/ 120 x 60 = 120 kpm,5
1402,4,Omset; hektare; saksama; silakan; sirop; zaman; apotik; modern; imbau; kuitansi,5
1402,5,"teks ulasan membuat sesuatu : membuat relief tekan; teks ulasan melakukan sesuatu : menyetrika, memasak",2
1403,1,alumnus; dokumentasi; laba; sampel; struktur; imajinasi; solusi; kostum; ranking; fiktif,5
1403,2,olah suara: suara harus bisa di dengar oleh audiens; olah vokal : semua kata yang dikatakan harus jelas ketika didengar oleh audiens; gerak gerik : hindari gerak gerik yang tidak penting atau yang berlebihan; fokus : fokuskan diri ke audiens,2
1403,3,240/ 120 x 60 = 120 kpm,5
1403,4,omzet; hektare; saksama; silahkan; sirop; zaman; apotek; modern; himbau; kwitansi,5
1403,5,kritik : hanya memberitahu bahwa ada yang kurang dari kegiatan tersebut; kritik dan saran : memberitahu bahwa ada yang kurang dari kegiatan tersebut dan memberikan cara agar kekurangan tersebut berkurang,2
1404,1,alumnus; agenda; laba; sampel; teknik; imajinasi; argumen; kostum; ranking; fiksi,5
1404,2,"teknik membaca : menyusun laporan secara tertulis kemudian membacanya; teknik menghafal : menulis laporan kemudian menghafalnya; teknik serta merta : menyampaikan laporan secara langsung, tanpa naskah dan tanpa menghafal; teknik outline : menyiapkan catatan kemudian mengembangkan catatan tersebut",5
1404,3,kecepatan membaca dani : 240/ 120 x 60 = 120 kpm,5
1404,4,omzet; hektare; saksama; silakan; sirop; zaman; apotek; modern; imbau; kuitansi,5
1404,5,"orientasi : gambaran umum tentang sesuatu yang akan diulas. cth : tokoh, latar; tafsiran : pandangan pengulas terhadap sesuatu yang akan diulas. (sinopsis); evaluasi : penilaian terhadap sesuatu yang diulas bisa berupa kritik, saran; rangkuman : ringkasan/ isi dari yang diulas (amanat)",5
1405,1,lulusan : alumni; rencana : agenda; keuntungan : laba; contoh : sempel; cara : tekhnik; khayalan : imajinasi; pendapat : argumen; pakaian : kostum; peringkat : rangking; tidak nyata : fiktif,5
1405,2,disampaikan dengan jelas; mudah difahami; fakta bukan fiktif; menggunakan bahasa yang baku,2
1405,3,waktu : 120 detik; jumlah kata : 240; 240/120 x 60; 2 x 60 : 120 kpm,5
1405,4,omzet; hektare; saksama; silakan; sirop; zaman; apotek; modern; himbau; kuwitansi,5
1405,5,"jelas, mudah difahami, bahasa baku; harus ada pokok-pokok intinya",2
1416,1,alumnus; agenda; omzet; sampel; prosedur; imajinasi; komentar; kostum; ranking; fana,5
1416,2,"teknik membaca :  membaca laporan; teknik menghafal : menghafal laporan , saat menyampaikan tidak membawa teks; teknik poin : membuat poin-poin penting lalu saat menyampaikan mengembangkan sendiri point tersebut",3
1416,3,240/ 120 x 60 = 120 kpm,5
1416,4,omzet; hektar; saksama; salakan; sirop; zaman; apotek; modern; himbau; kuitansi,5
1416,5,what (apa) : apa yang dilakukan?; who (siapa) : siapa yang melakukannya ?; when (kapan) : kapan dilakukannya?; where (dimana) : dimana melakukannya ?; why (mengapa) : mengapa ini dilakukan ? ; how (bagaimana) : bagaimana cara melakukannya ?,2
1417,1,alumnus; agenda; laba; sampel; prosedur/ teknik; imajinasi; argument; kostum; ranking; fiktif,5
1417,2,vokal : dapat terdengar audiens; suara : terdengar jelas dan benar terdapat di vokal; penjedaan : berhenti pada awal / akhir kalimat; bahasa yang komunikatif : penggunaan bahasa indonesia yang baik dan benar,2
1417,3,240/ 120 x 60 = 240 / 2 = 120 kpm,5
1417,4,omzet; hektare; saksama; silakan; sirop; zaman; apotek; modern; imbau; kuitansi,5
1417,5,penulisan bahasa indonesia yang baik dan benar; kata-kata yang tepat; penjedaan pada setiap kalimat,2
1418,1,alumnus; agenda; laba; sampel; teknik; imajinasi; argumen; kostum; ranking; faktual,5
1418,2,"menggunakan suara yang keras agar dapat didengar oleh semua audiens, menggunakan pengucapan yang jelas agar mudah dipahami oleh audiens, hindari gerak gerik yang tidak penting, hindari kata-kata yang tidak penting dan basa-basi, gunakan bahasa yang komunikatif (bahasa indonesia yang baik dan benar)",2
1418,3,R = jumlah kata/ waktu x 60 = 240 / 120 x 60 = 240 / 2 = 120 kpm,5
1418,4,omzet; hektare; saksama; silakan; sirop; zaman; apotek; modern; imbau; kuitansi,5
1418,5,"bahasa yang baku, berisi pokok-pokok yang penting, bahasa yang komunikatif, penulisan yang benar",2
1419,1,alumnus; agenda; laba; sampel; teknik; imajinasi; argumen; kostum; ranking; fiktif,5
1419,2,teknik menyampaikan laporan; membaca -> menuliskan dan kemudian dibacakan; menghafalkan -> menuliskan dan kemudian dihafalkan; outline -> menuliskan pokok yang akan disampaikan dan kemudian dikembangkan; serta merta -> tidak dituliskan/ secara spontan dengan mengamati sekitar,5
1419,3,240/ 120 x 60 = 120 kpm,5
1419,4,omzet; hektare; saksama; silakan; sirop; zaman; apotek; modern; imbau; kuitansi,5
1419,5,"unsur-unsur teks ulasan :; berisi hal-hal yang akan disampaikan; disampaikan secara komunikatif; kesimpulan; pokok-pokok yang disampaikan didalam isi; kritik, saran, dan pendapat; disampaikan secara santun",2
1420,1,alumnus; agenda; laba; sampel; teknik; imajinasi; argumen; kostum; ranking; fiktif,5
1420,2,"teknik membaca : menyusun laporan secara tertulis, kemudian membacanya; teknik menghafal : menulis laporan terlebih dahulu, kemudian menghafalnya; teknik serta merta: menyampaikan laporan secara langsung tanpa menghafalnya; teknik outline : menulis laporan, kemudian memahami tulisan tersebut",5
1420,3,rumus : jumlah kata / waktu baca x 60 = 240/ 120 x 60 = 120 kpm,5
1420,4,omzet; hektare; saksama; silakan; sirop; zaman; apotek; modern; himbau; kuitansi,5
1420,5,"tokoh, alur, latar, penokohan, pengevaluasi, membuat sinopsis, amanat",2
1501,1,alumni; agenda; laba; sampel; teknik; imajinasi; argumen; kostum; ranking; fiktif,5
1501,2,suara : dapat didengar jelas; jeda : pemberhentian di awal/ akhir; bahasa yang komunikatif : tidak bertele-tele,2
1501,3,240/ 120 x 60 = 180 kpm,2
1501,4,omzet; hektare; seksama; silakan; sirop; zaman; apotek; modern; himbau; kuwitansi,4
1501,5,"orientasi : pengenalan [tokoh, judul]; tafsiran : sinopsis; evaluasi : kritik dan saran; rangkuman : alur secara garis besar",5
1502,1,alumnus; agenda; laba; sampel; teknik; imajinasi; argumen; kostum; ranking; fiktif,5
1502,2,membaca : dengan membaca dan membawa teks; menghafal : dengan menghafal dan tidak membawa teks; serta merta : dengan tidak membaca dan tidak menghal (spontan); outline : dengan membawa teks namun hanya garis besar kemudian dikembangkan,5
1502,3,240/ 120 x 60 = 120 kpm,5
1502,4,omzet; hektare; saksama; silakan; sirop; zaman; apotek; modern; himbau; kuwitansi,5
1502,5,"orientasi : berisi judul, penokohan, & alur; tafsiran : sinopsis; evaluasi : kritik & saran; kesimpulan : rangkuman",3
107,1,alumnus; agenda; laba; sampel; teknik; imajinasi; argumen; kostum; rangking; fiksi,5
107,2,"teknik membaca : teknik penyampaian laporan dengan cara menuliskan laporan terlebih dahulu lalu membacanya; teknik menghafal : teknik penyampaian laporan dengan cara menulis terlebih dahulu setelah itu menghafalnya; teknik serta merta : teknik penyampaian dengan cara tanpa menulis naskah ataupun menghafal terlebih dahulu biasanya digunakan pada laporan pandangan mata; teknik outline : teknik penyampaian dengan cara menulis gagasan utama, lalu mengembangkannya ketika penyampaian",5
107,3,"240/ 120 x 60 = 120 kpm, jadi kecepatan membaca dani adalah 120 kpm",5
107,4,omzet; hektare; saksama; silakan; sirop; zaman; apotek; modern; imbau; kuitansi,5
107,5,orientasi : gambaran umum tentang apa yang akan diulas; tafsiran : gambaran pengulas terhadap objek yang diulas; evaluasi : penilaian terhadap objek yang diulas; rangkuman : ringkasan atau rangkuman tentang apa yang telah diulas,5
108,1,lulusan : alumnus; rencana : agenda; keuntungan : laba; contoh : sampel; cara : petunjuk; khayalan : fiksi; pendapat : argumen; pakaian : kostum; peringat : ranking; tidak nyata : aktual,5
108,2,secara lisan disampaikan secara lisan dan langsung didengar oleh para audiens dan tertulis disampaikan secara tertulis; menggunakan bahasa yg baku,3
108,3,240/ 120 x 60 = 120 kpm,5
108,4,omzet; hektare; saksama; silakan; sirop; zaman; apotek; modern; imbau; kuitansi,5
108,5,tata cahaya; mengulas tentang pencahayaan  saat drama; aspek penyutradaraan; mengulas tentang alur cerita; tata setting; mengulas tentang penempatan benda2 yang diperlukan saat drama; tata rias; mengulas makeup para pemeran drama,2
109,1,Alumnus; agenda; laba; sampel; langkah-langkah; imajinasi; argumen; kostum; ranking; fiktif,5
109,2,membaca : menyiapkan tulisan / naskah kemudian dibaca; menghafal : ditulis kemudian dihafalkan; serta merta : secara langsung tanpa membaca dan menghafal; outline : dengan gagasan kemudian mengembangkan gagasan tersebut,5
109,3,jumlah kata/ waktu (detik) x 60 = 240 / 120 x 60 = 2 / 1 x 60 = 120 kpm,5
109,4,omzet; hektar; saksama; silakan; sirop; zaman; apotek; modern; imbau; kuitansi,5
109,5,orientasi : gambaran pengulas terhadap objek yang diulas; tafsiran : pandangan pengulas terhadap objek yang diulas; evaluasi : penilaian terhadap objek yang diulas; rangkuman : ringkasan atau saran terhadap objek yang diulas,5
110,1,alumnus; agenda; laba; sempel; teknik; imajinasi; opini; kostum; rangking; fiktif,5
110,2,suara : volume suara harus dapat didengar audiens; vokal : menyampaikan laporan agar mudah difahami; penjedaan : perhentian di tengah atau diakhir kalimat; gerak - gerik : menghindari gerakan yang mengganggu; mimik wajah : ekspresi; bahasa yang komunikatif : bahasa indonesia yang baik dan benar,2
110,3,240/ 120 x 60 = 120 kpm,5
110,4,omzet; hektare; saksama; silakan; sirop; zaman; apotek; moderen; himbau; kuitansi,5
110,5,"orientasi : pengenalan drama. berupa judul, latar, dan tokoh; tafsiran : berisi alur drama; evaluasi : berisi tentang evaluasi drama. bisa berupa kekurangan dan saran; rangkuman : berisi tentang amanat",5
111,1,almamater; statistik; laba; sampel; amin; imajinasi; argumen; kostum; ranking; fiktif,5
111,2,"suara yang baik, lantang urut",2
111,3,240/ 120 x 60 = 240 / 2 = 120 kpm,5
111,4,omzet; hektare; saksama; silakan; sirop; zaman; apotek; modern; himbau; kuitansi,5
111,5,"tema, judul, amanat, isi, penutup",2
112,1,alumnus; agenda; laba; sampel; teknik; imajinasi; argumen; costum; ranking; fiktif,5
112,2,"suara, vokal, penjedaan, gerak-gerik, efektif, bahasa yang komunikatif",2
112,3,240/ 120 x 60 = 120 kpm,5
112,4,omzet; hektare; saksama; silakan; sirop; zaman; apotek; modern; himbau; kuitansi,5
112,5,"kop surat; alamat surat; salam pembuka, paragraf pembuka, paragraf isi, paragraf penutup, salam penutup",2
125,1,alumnus; cara; laba; sampel; rumus; hayalan; usulan; baju; ranking; fiktif,3
125,2,teknik serta merta : teknik digunakan di laporan tanpa membaca/ langsung; teknik outline : teknik digunakan dilaporan dengan cara membaca,3
125,3,240/ 120 x 60 = 120 kpm,5
125,4,omset; hektar; saksama; silahkan; sirup; zaman; apotek; modern; himbau; kuitansi,3
125,5,reorientasi : berunsur sedang; verbal : berunsur keras; aktual : berunsur rata,2
126,1,alumnus; agenda; laba; sampel; teknik; imajinasi; argument; kostum; ranking; fiktif,5
126,2,menggunkan bahasa yang komunikatif; bahasa baik & benar; bahasanya baku; hindari melakukan gerakan yang tidak penting; hindari pertanyaan yang bersifat mengintrogasi,2
126,3,240/ 120 x 60 = 240 / 2 = 120 kpm kecepatan membaca dani adalah 120 kpm,5
126,4,omzet; hektare; saksama; silakan; sirop; zaman; apotek; modern; himbau; kuitansi,5
126,5,"bahasa yang komunikatif: baik & benar, mudah dipahami; kata baku : kata  yang baku; memiliki arti : jangan yang tidak memiliki arti; bersifat konkret : nyata",2
127,1,alumnus; agenda; laba; sampel; tehnik; imajinasi; argumen; kostum; ranking; fiktif,5
127,2,"tehnik membaca : tehnik yang menuliskan catatan terlebih dahulu, kemudian membacanya; tehnik menghafal : tehnik yang menyiapkan catatan, kemudian menghafalnya; tehnik serta merta : tehnik yang dilakukan secara langsung, tanpa naskah, tanpa menghafal; tehnik outline : teknik yang pembicaranya menyiapkan catatan berupa gagasan, kemudian mengembangkan gagasan tersebut",5
127,3,"jumlah kata yang dibaca / waktu membaca (detik) x 60 = 240 /120 x 60 = 120 kpm; jadi , kecepatan membaca dani adalah 120 kpm",5
127,4,omzet; hektare; saksama; silakan; sirop; zaman; apotek; modern; imbau; kuitansi,5
127,5,orientasi : gambaran umum tentang objek yang diulas; tafsiran : pandangan pengulas terhadap objek yang diulas; evaluasi : penilaian terhadap objek yang diulas; rangkuman: ringkasan/ isi ulasan,5
128,1,alumnus; strategi; laba; sempel; rumus; dongeng; argumen; kostum; ranking; fiktif,5
128,2,membaca : menyusun hasil laporan kemudian membaca; menghafal : menulis hasil laporan kemudian menghafal; serta merta : menyampaikan tanpa menghafal dan membaca; outline : menyampaikan gagasan dan mengembangkannya,5
128,3,240/ 120 x 60 = 120 kpm,5
128,4,omzet; hektare; seksama; silakan; sirop; zaman; apotek; modern; imbau; kuwitansi,5
128,5,orientasi : pendangan umum terhadap teks ulasan; tafsiran : pandangan pengulas terhadap teks ulasan; evaluasi : penilaian terhadap teks ulasan; rangkuman : ringkasan/ kesimpulan teks ulasan,5
129,1,alumni; argument; hasil; example; teknik; imajinasi; hasil pikiran; penutup tubuh; ranking; fiktif,4
129,2,"suara : suara harus terdengar oleh semua audiens; vokal & pengucapan : vokal & pengucapan harus jelas agar audiens menangkap laporan dengan baik; penjedaan : penjedaan diawal & diakhir, kalau diawal penjedaan diawal kalimat kalau diakhir ya diakhir kalimat; ekspresi : ekspresi mengaruhi penyampaian laporan; gerak - gerik : gerak - gerik yang tidak dibutuhkan tidak usah dilakukan; bahasa yang baik : bahasa harus baik dan tidak terbelat-belit",2
129,3,240/ 120 x 60 = 240/120 = 2; 2 x 60 = 120 kpm,5
129,4,omzet; hektare; saksama; silakan; sirop; zaman; apotek; modern; himbau; kuitansi,5
129,5,orientasi : gambaran umum objek yang akan diulas; tafsiran : pandangan pengulas terhadap objek yang akan diulas; evaluasi : pendapat pengulas terhadap yang diulas; rangkuman : perbaikan yang disampaikan sang pengulas,5
130,1,alumnus; acara; laba; sampel; teknik; imajinasi; argumen; kostum; ranking; fiktif,5
130,2,teknik membaca; -> pembicara membawa teks laporan dan membacanya; teknik menghafal; -> pembicara menghafalkan laporan dan menyampaikannya; teknik serta merta; -> pembicara menyampaikan isi laporan tanpa membaca maupun menghafal; teknik outline; pembicara menyiapkan gagasan dan mengembangkan gagasan itu sendiri,5
130,3,"240/ 120 x 60 = 120 kpm, jadi kecepatan membaca dani adalah 120 kpm",5
130,4,omzet; hektare; saksama; silakan; sirop; zaman; apotek; modern; himbau; kuitansi,5
130,5,orientasi; -> pandangan awal dari pementasan; tafsiran; -> isi dari pementasan; evaluasi; -> koreksi dari pementasan; ringkasan; -> rangkuman/ ringkasan dari apa yang dipentaskan,5
207,1,alumnus; agenda; laba; sampel; prosedur; imajinasi; argumen; kostum; ranking; fiktif,5
207,2,serta merta : teknik yg dilakukan tanpa persiapan; outline : mencari gagasan utama & mengembangkannya sendiri,3
207,3,120/ 240 x 60 = 120 kpm,5
207,4,omzet; hektar; saksama; silahkan; sirop; zaman; apotek; modern; himbau; kuitansi,5
207,5,saran: memerikan saran; kritik : mengomentari,2
208,1,alumnus; jadi; penghasilan; misal; tutorial; imajinasi; menurut; kostum; ranking; fiksi,4
208,2,membaca; menghafal; serta merta; outline,3
208,3,240/ 120 x 60 = 120 kpm,5
208,4,omzet; hektar; saksama; silakan; sirop; zaman; apotek; modern; himbau; kuitansi,5
208,5,gagasan utama; pokok utama,2
209,1,alumnus; agenda; laba; sempel; teknik; imajinasi; argumen; costum; rangking; fiktif,5
209,2,"teknik membaca : -> menulis laporannya dulu, saat menyampaikan laporan baru dibaca; teknik menghafal : -> menulis laporannya lalu dihafalkan, saat menyampaikan laporan tidak memakai teks; teknik serta merta : -> teknik menyampaikan laporan tanpa menulis, menghafal, langsung menyampaikan apa adanya; teknik outline : -> pembawa acara menyampaikan gagasan utamanya lalu yang menyampaikan lapora mengembangkan sendiri gagasannya itu menjadi laporan",5
209,3,rumus jumlah kata/ waktu x 60 -> 240/ 120 x 60 = 120 kpm,5
209,4,omzet; hektare; saksama; silakan; sirop; zaman; apotik; moderen; imbau; kuwitansi,5
209,5,orientasi : menggambarkan tentang objek yang kita lihat; tafsiran : menafsirkan objek yang kita lihat; evalusai : mengevaluasi objek yang dilihat; rangkuman : merangkum dari apa yang kita lihat,5
210,1,alumnus; agenda; laba; sampel; rumus; imajinasi; argumen; kostum; ranking; fiktif,5
210,2,vokal -> berhubungan dengan suara; suara -> kejelasan mengucapkan dialog; rasa; wajah/ mimik -> emosi wajah/ emosi si tokoh; gerak -> blocking; pernafasan -> berhubungan dengan vokal,2
210,3,240/ 120 x 60 = 60 x 2 = 120 kpm,5
210,4,omzet; hektare; saksama; silakan; sirop; zaman; apotek; modern; himbau; kuwitansi,5
210,5,evalusai : penilaian objek ; simpulan : ringkasan; orientasi : pandangan terhadap objek; tafsiran : penjelasan hal-hal yang terdapat diobjek,5
211,1,alumnus; program; neraca; sample; bagaimana; imajinasi; saran; kostum; ranking; fiktif,3
211,2,volume suara : harus terdengar oleh pendengar; mimik : ekspresi wajah; gerak - gerik : sesuai dengan isi laporan; olah vokal : nada suara,2
211,3,120/ 240 x 60= 2 x 60 = 120 menit/ 2 menit,5
211,4,omzet; hektare; saksama; silakan; sirop; zaman; apotek; modern; himbau; kuwitansi,5
211,5,saran; kritikan; pendapat,2
212,1,alumnus; agenda; laba; sampel; teknik; imajinasi; argumen; kostum; ranking; fiktif,5
212,2,"teknik membaca -> menyusun laporan secara tertulis, terus membacanya; teknik menghafal -> menulis laporan, terus menghafalnya; teknik serta merta -> berbicara dengan tidak menghafalkan dan tanpa naskah; teknik outline -> menyiapkan sebuah gagasan, dan mengembangkan sendiri",5
212,3,jumlah kata/ waktu x 60 = 240/ 120 x 60 = 240/ 2 = 120 kpm,5
212,4,omzet; hektare; saksama; silakan; sirop; zaman; apotek; modern; imbau; kuitansi,4
212,5,"orientasi -> membahas terhadap drama yang diulas, seperti : tokoh, alur, dll; tafsiran -> suatu pengulasan terhadap drama yang diulas; evaluasi -> penilaian terhadap drama yang diulas; rangkuman -> ringkasan",5
225,1,alumnus; perjanjian; riba; contoh; teknik; imajinasi; pendapat; kostum; juara; kasat mata,3
225,2,terdapat 5w + 1h; dengan bahasa yang komunikatif; tidak terbelit-belit; secara faktual,2
225,3,240/ 60 x 120 = 300 x 40 = 12000 kata/60 detik = 200,2
225,4,omzet; hektare; saksama; silakan; sirop; zaman; apotek; modern; himbau; kuwitansi,5
225,5,unsur2 teks ulasan; terdapat teks yg ingin diulas; membaca teks; mencatat hal2 pokok,2
226,1,alumnus; agenda; laba; sampel; membuat; imajinasi; argumen; sandang; rangking; fiktif,5
226,2,suara; vokal; ekspresi; gerak-gerik;,2
226,3,120/ 240 x 60 = 300 kpm,2
226,4,omzet; hektare; seksama; silakan; sirop; zaman; apotek; modern; himbau; kuwitansi,5
226,5,tema; isi; pembahasan tema; kesimpulan; hasil ulasan,2
227,1,alumnus; wacana; laba; sample; langkah; mimpi; usulan; sandang; ranking; fiktif,3
227,2,membaca : membaca hasil laporan; menghafal : menghafal isi laporan; serta merta : tidak ada persiapan; outline : menulis pokok-pokok laporan saja,5
227,3,240/ 120 x 60 = 240 / 2 = 120 kpm,5
227,4,omset; hektare; saksama; silakan; sirup; zaman; apotek; modern; imbau; kuwitansi,5
227,5,membaca teks; mengevaluasi; memperbaiki; membenarkan,2
228,1,lulusan : alumnus; rencana : tujuan/ hal yg akan dituju; keuntungan : balik modal; contoh : sempel; cara : prosedur; khayalan : imajinasi; pendapat : saran; pakaian : kostum; peringkat : ranking; tidak nyata : mitos,3
228,2,"vokal; mimik wajah; gerak-gerik; cara menyampaikan harus benar; urut dalam membaca; menyampaikan laporan harus baik, jelas dan benar; dll",2
228,3,240/ 120 x 60 = 120 kpm; membaca cepat adalah membaca sesingkat-singkatnya untuk mendapatkan informasi sebanyak-banyaknya,5
228,4,omset; hektare; saksama; silakan; sirop; zaman; apotek; modern; himbau; kuitansi,5
228,5,ulasan teks adalah : ringkasan dalam sebuah teks; judul; tokoh; latar; dll,2
229,1,alumnus; agenda; laba; sampel; teknik; imajinasi; argumen; kostum; ranking; fiktif,5
229,2,"membaca -> membuat teks laporan, kemudian membacanya; menghafal -> membuat teks laporan, kemudian menghafalkannya; serta merta -> menyampaikan laporan secara langsung, tanpa naskah dan tanpa menghafal; outline -> membuat gagasan utama, kemudian mengembangkannya",5
229,3,"jumlah kata/ waktu baca (detik) x 60 = 240 / 120 x 60 = 120 kpm, jadi kecepatan membaca dani adalah 120 kpm",5
229,4,omzet; hektare; saksama; silakan; sirop; zaman; apotek; modern; imbau; kuitansi,5
229,5,"orientasi -> berisi pengenalan awal terhadap apa yang kita ulas; tafsiran -> berisi tentang pandangan pengulas terhadap sesuatu yang diulas; evaluasi -> berisi tentang pendapat pengulas terhadap kekurangan yang terdapat pada sesuatu yang kita ulas; rangkuman -> berisi tentang kesan dan pesan pengulas, dan simpulan dari semua ulasan tersebut",5
230,1,alumnus; agenda; laba; sampel; teknik; imajinasi; argumen; kostum; rangking; fiktif,5
230,2,"vokal : suara, kejelasan agar bisa didengar audiens; suara : agar dapat dipahami dengan mudah; expresi : mimik wajah; gerak- gerik : gerakan kita dalam menyampaikan laporan; bahasa komunikatik : bahasa indonesia yang benar dan baik; penjedaan : pemberhentian di awal/ akhir kalimat",2
230,3,240 / 120 x 60 = jumlah kata/ waktu baca/detik x 60 = 240 / 2 x 1 = 240 / 2 = 120 kpm,5
230,4,omzet; hektare; saksama; silakan; sirup; zaman; apotek; modern; himbau; kuitansi,5
230,5,"orientasi : penggamar semuanya pada teks, tokoh, tempat, latar, suasana. dll; tafsiran: pandangan pengamat tentang apa yang terjadi; evaluasi : penilaian kurang dan lebihnya; rangkuman : simpulan dari teks",5
307,1,alumni/ sarjana; keinginan; laba; sample; teknik; imajinasi; argumen/ opini; kostum; ranking; fiktif,5
307,2,teknik membaca : teknik yang dilakukan dengan cara menulis laporan kemudian membacanya; teknik menghafal : teknik yang dilakukan dengan cara menulis laporan kemudian menghafakannya; teknik serta merta : teknik yang dilakukan secara langsung tanpa naskah tanpa menghafal; teknik outline : teknik dengan cara pembicara menyiapkan catatan yang berisi gagasan kemudian mengembangan gagasan tersebut,5
307,3,"240/ 120 x 60 = 120 kpm, jadi kecepatan dani membaca adalah 120 kpm",5
307,4,omzet; hektar; saksama; silahkan; sirop; zaman; apotek; ; himbau; kuitansi,5
307,5,orientasi : gambaran umum mengenai objek yang diulas; tafsiran : pandangan pengulas terhadap objek yang diulas; evaluasi : penilaian mengenai objek yang diulas; rangkuman : kesimpulan atau ringkasan dari ulasan,5
308,1,lulusan : alumni; rencana : tujuan sementara; keuntungan : raba; contoh : misal; cara : teknik; khayalan : imajinasi; pendapat : saran; pakaian : kostum; peringkat : rangking; tidak nyata : khayalan,5
308,2,"5w + 1h (what, why, who, where, whan + how); what : apa yang terjadi ?; why : mengapa bisa terjadi ?; who : bagaimana itu bisa terjadi ?; where : dimana kejadian itu ?; whan : siapa pelakunya ?; how : kapan kejadian itu?",2
308,3,240/ 120 x 60 = 120 kpm,5
308,4,omzet; hektare; saksama; silakan; sirop; zaman; apotek; moderen; himbau; kuwitansi,5
308,5,pembuka : seperti mengucap syukur; isi teks : pokok teks; penutup : salam penutup dan ucapan terima kasih,2
309,1,alumnus; agenda; laba; sampel; teknik; imajinasi; argumen; kostum; ranking; fiktif,5
309,2,teknik membaca : laporan ditulis terlebih dahulu; teknik menghafal : laporan dihafalkan; teknik serta merta : menyampaikan laporan secara langsung; teknik outline : menyampaikan gagasannya,5
309,3,jk / w x 60 = 240 / 120 x 60 = 120 kpm,5
309,4,omzet; hektar; saksama; silakan; sirop; zaman; apotek; modern; himbau; kuitansi,5
309,5,teks ulasan : teks yang mengulas sesuatu; unsur-unsur : rangkuman : menulis hasil ringkasan; orientasi : melihat secara objektif; argumen : melihat secara faktual; reorientasi : melihat secara aktual,5
310,1,alumnus; agenda; laba; sampel; teknik; imajinasi; argumen; kostum; rangking; fiksi,5
310,2,suara : suara harus jelas dan terdengar oleh pendengar; vokal : pengucapan harus jelas dan mudah dipahami oleh pendengar; penjedaan : waktu jeda saat menyampaikan laporan; ekspresi : mengekspresikan laporan; gerak-gerik : gerak-gerik saat menyampaikan laporan; bahasa yang komunikatif : bahasa indonesia yang baik dan benar;,2
310,3,240/ 120 x 60 = 120 kpm,5
310,4,omzet; hektare; saksama; silakan; sirop; zaman; apotek; moderen; himbau; kuwitansi,5
310,5,orientasi : gambaran luas tentang sesuatu yang diulas; tafsiran : pandangan pengulas terhadap sesuatu yang diulas; ringkasan : rangkuman atau kesimpulan dari suatu yang diulas; evaluasi : penilaian terhadap sesuatu yang diulas,5
311,1,alumnus; agenda; laba; sampel; teknik; imajinasi; argumen; kostum; ranking; fiktif,5
311,2,menghafal : menyampaikan laporan dengan cara menghafal teks terlebih dahulu; membaca : menyampaikan laporan dengan cara membaca teks laporan; serta merta : menyampaikan laporan secara langsung tanpa membaca teks maupun menghafal; outline : menyampaikan laporan dengan cara membawa gagasan utama yang akan dikembangkan lagi,5
311,3,240/ 120 x 60 = 120 kpm,5
311,4,omzet; hektar; seksama; silakan; sirop; zaman; apotek; modern; himbau; kuwitansi,4
311,5,orientasi : pengenalan tokoh/ aktor/ aktris; argumen : menemukan kesalahan-kesalahan pada teks drama; evaluasi : mengevaluasi kesalahan-kesalahan pada teks drama; amanat : pesan-pesan yang dapat diberikan pada naskah drama,4
312,1,lulusan : alumnus; rencana : schedule; keuntungan : modal; contoh : sample; cara : langkah-langkah; khayalan : imajinasi; pendapat : tanggapan; pakaian : primadona; peringkat : ranking; tidak nyata : fiktif,3
312,2,teknik vokal : jelas; teknik suara : keras; penggunaan bahasa : efetif,2
312,3,240 kata/ 120 detik x 60 = 12 kpm,5
312,4,omzet; hektare; saksama; silakan; sirop; zaman; apotek; modern; himbau; kuwitansi,5
312,5,"pahami yang dibaca, memcatat hal yang penting, menanggapi apa yang kurang tepat, dll",2
325,1,alumnus; agenda; laba; sampel; teknik; imajinasi; argumen; kostum; rangking; fiktif,5
325,2,bahasa yang komunikatif : menggunakan bahasa indonesia yang sesuai dengan EBI; gerak-gerik : agar menghindari gerak-gerik yang tidak sesuai; volume suara : menggunakan volume suara yang keras agar seluruh audien mendengar,2
325,3,240/ 120 x 60 = 120 kpm,5
325,4,omzet; hektare; saksama; silakan; sirop; zaman; apotek; modern; imbau; kuitansi,5
325,5,orientasi : menggambarkan teks yang diulas; tafsiran : seperti sinopsi; evaluasi : penilaian terhadap teks yang diulas,5
326,1,lulusan : alumnus; rencana : agenda; keuntungan : laba; contoh : sampel; cara : teknik; khayalan : imajinasi; pendapat : argumen; pakaian : kostum; peringkat : ranking; tidak nyata : fiktif,5
326,2,"teknik menyampaikan laporan; teknik membaca : menyusun laporan secara tertulis kemudian membacanya; teknik menghafal : membaca terlebih dahulu kemudian menghafalnya; teknik serta merta : menyampaikan laporan secara langsung tanpa naskah dan tanpa menghafal; teknik outline : pembica menyiapkan catatan berupa gagasan, kemudian mengembangkan gagasan tersebut",5
326,3,"240/ 120 x 60 = 7200 kpm. jadi , kecepatan membaca doni 7200 kpm",2
326,4,omzet; hektare; saksama; silakan; sirop; zaman; apotek; modern; imbau; kuitansi,5
326,5,unsur-unsur dalam teks ulasan:; orientasi : gambaran umum tentang objek yang diulas; tafsiran : pandangan pengulas terhadap objek yang diulas; evaluasi : penilaian terhadap objek yang diulas; rangkuman : rangkuman/ simpulan isi ulasan,5
327,1,alumnus; agenda; laba; sampel; teknik; imajinasi; argumen; kostum; rangking; fiktif,5
327,2,"membaca : membuat laporan, lalu dibaca; menghafal : membuat laporan, lalu dihafal; serta merta : tanpa membaca dan tanpa menghafal; outline : menulis gagasan, lalu dikembangkan",5
327,3,240/ 120 x 60 = 120,5
327,4,omset; hektar; saksama; silakan; sirop; zaman; apotek; modern; himbau; kuitansi,4
327,5,orientasi : penjelasan dari drama; judul : tema dari drama; bahasa : bahasa harus baku; amanat : pesan yang disampaikan/ pesan moral,2
328,1,lulusa : alumnus; rencana : agenda; keuntungan : laba; contoh : sempel; cara : teknik; khayalan : imajinasi; pendapat : argumen; pakaian : kostum; peringkat : rangking; tidak nyata : fiksi,5
328,2,teknik membaca : menyampaikan laporan dengan membaca teks; teknik menghafal : menyampaikan laporan dengan menghafalkan teks; teknik serta merta : menyapaikan laporan tanpa menghafal dan membaca; teknik outline : menyampaikan laporan dengan mencatat gagasan pokok lalu dikembangkan sendiri saat menyampaikan laporan,5
328,3,240/ 120 x 60 = 120 kpm,5
328,4,omzet; hektare; saksama; silakan; sirop; zaman; apotek; modern; imbau; kuitansi,5
328,5,orientasi : pengenalan; evaluasi : meneliti/ mengevaluasi teks ulasan,2
329,1,alumni/ alumnus; agenda; laba; sampel; teknik; imajinasi; argumen; kostum; ranking,5
329,2,membaca : pembicara menyusun laporan kemudian membacakannya; manghafal : pembicara menghafalkan laporan terlebih dahulu; serta merta : menyampaikan laporan tanpa membaca dan tanpa menghafal; outline : pembicara menyiapkan gagasan lalu menyampaikan gagasan tersebut kepada audiens,5
329,3,240/ 120 x 60 = 120 kpm,5
329,4,omset; hektare; saksama; silakan; sirop; zaman; apotek; modern; imbau; kuitansi,5
329,5,teks prosedur melakukan; yaitu melakukan sesuatu rangkaian kegiatan yang hasil akhirnya adalah akhir kegiatan; teks prosedur membuat; yaitu teks urutan membuat sesuatu yang hasil akhirnya produk,2
330,1,alumnus; agenda; laba; sampel; teknik; imajinasi; argumen; kostum; ranking; fiktif,5
330,2,teknik membaca : menulis laporan terlebih dahulu lalu membacanya saat menyampaikan; teknik menghafal : menulis laporan lalu menghafalnya dan menyampaikannya tanpa membaca; teknik serta merta : spontan saat menyampaikan laporan tanpa membaca; teknik outline : membawa catatan kecil berisi gagasan utama lalu dikembangkan didepan audiens,5
330,3,membawa cepat : kata/ waktu x 60 = 240/ 120 x 60 = 120 kpm,5
330,4,omset; hektare; saksama; silakan; sirup; zaman; apotik; modern; imbau; kuitansi,4
330,5,"orientasi : berisi gagasan utama drama (judul, alur, latar, dll)./ gambaran umum; pengembangan orientasi : sinopsis drama; penjelasan : berisi objek yang diulas; ringkasan : rangkuman ulasan drama",3
407,1,alumnus; agenda; laba; sampel; teknik; imajinasi; hasil; kostum; ranking; fiktif,5
407,2,teknik menghafal : membuat laporan lalu menghafalkannya; teknik membaca : membuat laporan lalu membacakannya; teknik outline : mencatat gagasan utama dari narasumber; teknik serta merta : tidak menghafalkan dan tidak membaca,5
407,3,240/ 120 x 60 = 80 kpm,3
407,4,omzet; hektare; saksama; silakan; sirop; zaman; apotek; moderen; imbau; kuitansi,5
407,5,teks ulasan adalah teks yang diulas dari informasi,2
408,1,alumni; wacana; neraca; sample; teknik; impian; saran; sandang; kedudukan; fiktif,2
408,2,dengan bahasa yang singkat jelas mudah dipahami; tidak dengan tergesa-gesa; tidak terlalu memperhatikan teks/ memperhatikan audiens,2
408,3,240/ 120 x 60 = 240 / 2 = 120 kpm,5
408,4,omset; hektare; seksama; silakan; sirup; zaman; apotek; modern; imbau; kuwitansi,4
408,5,sebuah teks yang mengulas sebuah masalah,2
409,1,alumni; wacana; laba; contoh; teknik; imajinasi; argumen; baju; ranking; fiktif,5
409,2,teknik serta merta : membaca tanpa teks dan tanpa menghafal (tanpa persiapan apapun); teknik outline : pembaca membawa catatan berupa gagasan lalu gagasan tersebut dikembangkan,3
409,3,120/ 240 x 60= 2 x 60 = 120,4
409,4,omzet; hektare; saksama; silakan; sirop; zaman; apotek; modern; himbau; kuwitansi,5
409,5,orientasi : pembuka suatu teks; event : kejadian atau peristiwa; reorientasi : kesan & pesan,2
410,1,alumnus; tempat yang dituju; laba; sampel; rumus; legenda; jawaban; seragam; ranking; fiktif,4
410,2,menggunakan kop surat; pembuka surat; isi surat; penutup surat,2
410,3,240/ 120 x 60 = 240 x 2 = 480 kpm,2
410,4,omset; hektare; saksama; silahkan; sirop; zaman; apotek; moderen; imbau; kuwitansi,5
410,5,terdapat kop surat; terdapat waktu; terdapat pembuka; terdapat isi; terdapat penanda tangan; terdapat penutup surat,2
411,1,alumni; agenda; laba; sampel; teknik; imajinasi; usulan; kostum; rangking; fiktif,5
411,2,penjedaan : berhenti sebentar di tengah-tengah menyampaikan laporan; menggunakan bahasa yang efektif : bahasa baku; teknik olah suara : menggunakan bahasa indonesia yang baik dan mudah dimengerti; teknik olah wajah : mengekspresikan wajah saat sedang membaca laporan sesuai isi laporan,2
411,3,240/ 120 x 60 = 20 x 6 = 120 kpm,5
411,4,Omset; hektare; saksama; silakan; sirop; zaman; apotek; modern; imbau; kuwitansi,5
411,5,dengan kalimat aktif dan pasif; dengan bahasa yang baku; bahasa indonesia yang baik dan mudah dimengerti; dengan bahasa yang tidak bertele-tele,2
412,1,alumni; proyek; laba; sampel; teknik; tidak nyata; argumen; kostum; rangking; fiktif,5
412,2,"outline, serta merta",2
412,3,240/ 120 x 60 = 120 kpm,5
412,4,omset; hektare; saksama; silakan; sirup; zaman; apotek; modern; imbau; kuwitansi,5
412,5,"orientasi, isi, kata penutup, evaluasi",2
425,1,alumnus; agenda; laba; sampel; teknik; imajinasi; argumen; kostum; ranking; fiktif,5
425,2,"teknik membaca : menyusun laporan secara tertulis, kemudian membacanya; teknik menghafal : menulis laporan terlebih dahulu, kemudian menghafalnya; teknik serta merta: menyampaikan laporan secara langsung tanpa menghafal; teknik outline : pembicara menyiapkan gagasan kemudian mengembangkan gagasan tersebut",5
425,3,240/ 120 x 60 = 120 kpm,5
425,4,omzet; hektare; saksama; silakan; sirop; zaman; apotek; modern; imbau; kuwitansi,5
425,5,orientasi : gambaran umum tentang objek yang dilihat; tafsiran : ulasan terhadap objek yang diulas; evaluasi : berupa pendapat pengamat terhadap objek yang dilihat; rangkuman : kesimpulan mengenai suatu objek yang dilihat,5
426,1,alumni; agenda; laba; sampel; teknik; ilustrasi; ironi/ kiasan; sandang; ranking; fiktif,4
426,2,"teknik membaca : menyusun laporan lalu dibaca; teknik menghafal : menyusun laporan lalu menghafalnya; teknik serta merta : teknik tanpa persiapan tidak membaca dan menghafal; teknik outline; penulis menyiapkan gagasannya, lalu mengembangkanya",5
426,3,240/ 120 x 60 = 120 kpm,5
426,4,omzet; hektare; saksama; silakan; sirop; zaman; apotek; modern; imbau; kuitansi,5
426,5,"pendapat, gagasan, komentar",2
427,1,alumnus; agenda; laba; sampel; teknik; imajinasi; argumen; kostum; ranking; fiktif,5
427,2,teknik membaca : teknik menyampaikan laporan dengan menyusun laporan secara tertulis terlebih dahulu lalu membacanya; teknik menghafal : menulis laporan terlebih dahulu kemudian menghafalnya; teknik serta merta : teknik menyampaikan laporan tanpa menghafal dan tanpa membaca; teknik outline : pembicara menyampaikan catatan kecil yang berisi gagasan pokok laporan lalu mengembangkannya,5
427,3,jumlah kata/ waktu (detik) x 60 = 240 / 120 x 60 = 120 kpm,5
427,4,omset; hektare; saksama; silakan; sirup; zaman; apotek; modern; imbau; kuitansi,5
427,5,orientasi : gambaran umum tentang objek yang ingin diulas; tafsiran : pandangan tentang objek yang ingin diulas (ringkasan dan sinopsis); evaluasi : penilaian objek yang ingin diulas; rangkuman : rangkuman atau isi dari hasil ulasan (amanat),5
428,1,alumnus; agenda; laba; sampel; teknik; imajinasi; argumen; kostum; ranking; fiktif,5
428,2,teknik membaca : membaca teks laporan; teknik menghafal : menghafal laporan; teknik serta merta : tanpa teks dan tanpa menghafal; teknik outline : menyiapkan gagasan lalu mengembangkannya,5
428,3,120/ 240 x 60 = 120 kpm,5
428,4,omzet; hektare; saksama; silakan; sirop; zaman; apotek; modern; imbau; kuitansi,5
428,5,orientasi : gambaran umum tentang objek tersebut; tafsiran : pandangan/ ringkasan cerita; evaluasi : kekurangan dan kesalahan dalam cerita; ringkasan : ringkasan dari teks ulasan ,5
429,1,alumnus; agenda; laba; sampel; teknik; imajinasi; argumen; kostum; ranking; fiktif,5
429,2,teknik membaca : teknik menyampaikan laporan dengan cara membaca; teknik menghafal : teknik menyampaikan laporan dengan cara menulis kemudian menghafalnya; teknik serta merta : teknik menyampaikan laporan dengan cara disampaikan langsung; teknik outline,5
429,3,rumus:; jumlah kata yang dibaca/ waktu membaca (detik) x 60 = 240 / 120 x 60 = 240 / 2 = 120 kpm,5
429,4,omzet; hektare; saksama; silakan; sirop; zaman; apotek; modern; imbau; kuwitansi,5
429,5,unsur - unsur dalam teks ulasan ; orientasi; evaluasi,3
430,1,alumnus; agenda; laba; sampel; teknik; imajinasi; argumen; kostum; ranking; fiktif,5
430,2,"teknik membaca : menyusun laporan berupa tulisan terlebih dahulu, kemudian membacanya; teknik menghafal : menulis laporan terlebih dahulu, kemudian menghafalnya; teknik serta merta : menyampaikan laporan secara langsung tanpa naskah dan tanpa menghafal; teknik outline : pembicara menyiapkan catatan berupa gagasan kemudian mengembangkan gagasan tersebut",5
430,3,240/ 120 x 60 = 120 kpm,5
430,4,omzet; hektare; saksama; silakan; sirop; zaman; apotek; modern; imbau; kuitansi,5
430,5,anotasi : penjelasan teks ulasan; orientasi : pembicara dengan teks ulasan; evaluasi : penilaian teks ulasan; ringkasan : ringkasan teks,3
508,1,alumnus; agenda; laba; sampel; teknik; imajinasi; argumen; kostum; ranking; fiktif,5
508,2,"teknik membaca : pembaca membawa teks laporan kemudian membacanya; teknik menghafal : pembaca menuliskan teks laporan kemudian menghafalnya; teknik serta merta : pembaca menyampaikan apapun yang diketahuinya (tanpa persiapan apapun); teknik outline : pembaca membawa teks berisi gagasan tentang laporan, kemudian mengembangkan gagasan tersebut",5
508,3,jml kata/ waktu x 60 = 240/ 120 x 60 = 120 kpm,5
508,4,omzet; hektare; saksama; silakan; sirop; zaman; apotek; modern; imbau; kuitansi,5
508,5,orientasi : gambaran umum tentang objek yang diulas; tafsiran : gambaran pengulas tentang objek yang diulas; evaluasi : isi usulan & saran-saran pengulas; rangkuman : ringkasan ulasan & amanat,5
509,1,alumnus; agenda; laba; sampel; teknik; imajinasi; argumen; kostum; ranking; fiksi,5
509,2,"teknik membaca -> menulis laporan lalu membacanya; teknik menghafal -> menulis laporan lalu menghafalnya; teknik serta merta -> menyampaikan laporan tanpa naskah & tanpa menghafal; teknik outline -> pembicara menyiapkan catatan berupa gagasan, kemudian mengembangkan gagasan tersebut",5
509,3,jumlah kata yang dibaca / waktu baca x 60 = 240 /120 x 60 = 120 kpm,5
509,4,omset; hektare; saksama; silakan; sirop; zaman; apotek; modern; imbau; kuitansi,5
509,5,"orientasi : berisi informasi dasar drama (tokoh, latar, dll); tafsiran : sinopsis drama; evaluasi : penilaian terhadap drama; rangkuman : ringkasan drama",5
510,1,alumnus; agenda; laba; sampel; teknik; imajinasi; argumen; kostum; ranking; fiktif,5
510,2,bahasa yang komunikatif : bahasa yang baik dan benar; teknik vokal : bagaimana pembaca laporan terdengar oleh audiens; teknik suara : bagaimana cara pembaca laporan mengucapkan kalimat-kalimat laporan; gerak-gerik : sikap pembaca laporan dalam membaca,2
510,3,240/ 120 x 60 = 120 kpm,5
510,4,Omset; hektare; saksama; silakan; sirop; zaman; apotek; modern; imbau; kuwitansi,5
510,5,paragraf pembuka : pembukaan teks; paragraf isi : isi teks; paragraf penutup : penutup teks,2
511,1,lulusan : alumni; rencana : agenda; keuntungan : laba; contoh : sampel; cara : pembuatan; khayalan : imajinasi; pendapat : ide; pakaian : sandang; peringkat : ranking; tidak nyata : fiksi,4
511,2,teknik vokal -> agar audiens bisa menyimpulkan laporan tersebut; teknik suara -> agar audiens bisa terdengar dari suara pembaca; gerak-gerik -> menghindari dari gerakan tidak penting; ekspresi -> agar raut muka/ wajah bisa membuat audiens terkesan,2
511,3,120/ 60 x 90; 120 / 60 =2; 2 x 90 = 180 kpm,3
511,4,omset; hektare; saksama; silakan; sirop; zaman; apotek; modern; imbau; kuitansi,5
511,5,teknik outline; teknik olah suara; teknik olah wajah,2
512,1,alumni; agenda; laba; sampel; tekhnik; imajinasi; argumen; sandang; ranking; fiktif,5
512,2,suara : terdengar jelas oleh audiens; vokal : mudah ditangkap oleh audiens; bahasa; yang; komunikati : menggunakan bahasa indonesia yang baik dan benar,2
512,3,120 kata per menit,3
512,4,Omset; hektare; saksama; silakan; sirop; zaman; apotek; modern; imbau; kuwitansi,5
512,5,orientasi; tafsiran; rangkuman; ulasan,2
513,1,alumnus; strategi; laba; sempel; teknik; imajinasi; argumen; sandang; ranking; fiksi,5
513,2,menghafal : menulis laporan lalu menghafalnya; serta merta : mentatat gagasan pokok lalu mengembangkannya; outline : tanpa persiapan,4
513,3,240/ 120 x 60 = 120 kpm,5
513,4,omzet; hektare; saksama; silakan; sirop; zaman; apotek; modern; imbau; kuitansi,5
513,5,evaluasi : mencari kesalahan lalu dibenarkan; rangkuman : mencatat isi; tokoh : pemeran,2
514,1,lulusan : alumnus; rencana : aturan; keuntungan : laba; contoh : sampel; cara : trik; khayalan : imajinasi; pendapat : unjuk; pakaian : kostum; peringkat : ranking; tidak nyata : fiktif,5
514,2,volume suara : suara bisa didengar oleh audiens; volume vokal / pengucapan : pengucapan harus sesuai dengan laporan; gerak - gerik : hindarkan gerak gerik yang tidak penting; bahasa yang komunikatif : menggunakan bahasa indonesia dengan baik dan benar ,2
514,3,rumus membaca cepat : jumlah kata / waktu (detik) x 60 = 240 kata / 120 detik x 60 = 120 kpm,5
514,4,omset; hektare; saksama; silahkan; sirop; zaman; apotek; modern; imbau; kuitansi,5
514,5,"orientasi -> pengenalan tempat, dimainkan oleh siapa, jumlah pemain; tafsiran -> kelebihan pada teks ulasan; evaluasi -> kekurangan dalam teks ulasan; rangkuman -> merangkum teks ulasan",5
529,1,alumnus; agenda; laba; sampel; teknik; imajinasi; argumen; baju; rangking; fiktif,5
529,2,tertulis : menyampaikan laporan secara tertulis/ membaca; menghafal : menyampaikan laporan secara lisan / menghafal; serta merta : menyampaikan laporan secara langsung tanpa membaca & menghafal; outline : pembicara menyampaikan gagasan dan didengar oleh audiens,5
529,3,jumlah kata yang dibaca / waktu baca (s) x 60 = 240 / 120 x 60 = 120 kata per menit,5
529,4,omset; hektar; saksama; silakan; sirop; zaman; apotek; modern; imbau; kuitansi,5
529,5,orientasi - membaca cepat benar; evaluasi - mengevaluasi bacaan; rangkuman : merangkum bacaan; memahami : memahami bacaan,2
530,1,alumnus; agenda; laba; sampel; teknik; imajinasi; argumen; kostum; ranking; fiktif,5
530,2,membaca : menyampaikan laporan dengan membaca teks; menghafal : menyampaikan laporan dengan tanpa membaca (hafal); serta merta : menyampaikan laporan tanpa membaca dan menghafal; outline : membuat gagasan dari teks laporan dan mengembangkannya,5
530,3,240/ 120 x 60 = 120 kpm,5
530,4,omzet; hektare; saksama; silakan; sirop; zaman; apotek; modern; imbau; kuitansi,5
530,5,orientasi : gambaran drama; tafsiran : berisi sinopsis drama; evaluasi berisi sesuatu yang perlu dievaluasi; rangkuman : amanat,5
531,1,alumnus; agenda; laba; sampel; teknik; imajinasi; argumen; kostum; ranking; fiktif,5
531,2,"teknik membaca : menyusun laporan secara tertulis, kemudian membacanya; teknik menghafal : menulis laporan terlebih dahulu, kemudian menghafalnya; teknik serta merta: menyampaikan laporan secara langsung, tanpa naskah dan tanpa menghafalnya; teknik outline : pembicara membuat gagasan, kemudian mengembangkannya",5
531,3,240/ 120 x 60 = 120 kpm,5
531,4,omset; hektare; saksama; silakan; sirop; zaman; apotek; modern; imbau; kuitansi,5
531,5,orientasi : gambaran umum tentang objek yang diulas; tafsiran : pandangan pengulas terhadap objek yang diulas; evaluasi : penilaian terhadap objek yang diulas; rangkuman : simpulan dari ulasan,5
532,1,alumni/ alumnus; agenda; laba; sampel; teknik; imajinasi; argumen; kostum; ranking; fiktif,5
532,2,"teknik membaca : teknik ini mudah untuk dilakukan karena kamu tinggal menulis laporan dan membacakannya; teknik menghafal : teknik ini dilakukan dengan cara menulis laporan lalu membaca dan menghafalnya; teknik serta-merta : teknik menyampaikan laporan secara langsung tanpa naskah dan tanpa menghafal; teknik outline : teknik ini dilakukan dengan cara pembicara menyiapkan catatan berupa gagasan, lalu dikembangkan dan disampaikan",5
532,3,jumlah kata yang dibaca / waktu baca (detik) x 60 = 240 /120 x 60 = 120 kpm,5
532,4,omset; hektare; saksama; silakan; sirup; zaman; apotek; modern; imbau; kuitansi,5
532,5,orientasi : gambaran umum tentang objek yg diulas; tafsiran : pandangan pengulas dari objek yg diulas; evaluasi: penelitian/ pengamatan/ evaluasi terhadap objek yang diulas; ringkasan : rangkuman dari isi ulasan,5
533,1,alumnus; agenda; laba; sampel; teknik; imajinasi; argumen; kostum; ranking; fiktif,5
533,2,"teknik membaca : teknik menyampaikan laporan dengan cara membuat laporan secara tertulis, kemudian menyampaikannya dengan membaca laporan yang telah dibuat tadi; teknik menghafal : teknik menyampaikan laporan dengan cara membuat laporan terlebih dahulu, kemudian menghafalkanya; teknik serta merta : teknik menyampaikan laporan secara langsung, tanpa menghafal dan tidak membaca; teknik outline : teknik menyampaikan laporan dengan cara membawa catatan yang berisi pokok-pokok laporan, kemudian mengembangkannya",5
533,3,"jumlah kata yang dibaca / waktu baca (detik) x 60 ; 240 /120 x 60 = 120 kpm , jadi dani dapat membaca 120 kata setiap menit",5
533,4,omzet; hektare; saksama; silakan; sirop; zaman; apotek; modern; imbau; kuitansi,5
533,5,orientasi : gambaran umum tentang objek yang diulas; tafsiran : pandangan pengulas terhadap objek yang diulas; evaluasi : penilaian terhadap objek yang diulas; rangkuman : ringkasan / kesimpulan ulasan,5
534,1,lulusan : alumnus; rencana : kegiatan; keuntungan : laba; contoh : sampel; cara : melakukan; khayalan : imajinasi; pendapat : gagasan; pakaian : kostum; peringkat: ranking; tidak nyata : fiktif,5
534,2,"teknik membaca : menulis lalu dibaca; teknik menghafal : menulis lalu dihafal; teknik serta merta : tanpa naskah, tanpa menghafal; teknik outline : membuat gagasan, lalu mengembangkan gagasan tersebut",5
534,3,240/ 120 x 60 = 240 / 2 = 120 kpm,5
534,4,omset; hektare; saksama; silakan; sirup; zaman; apotek; modern; imbau; kuitansi,5
534,5,orientasi : gambaran tentang ulasan; rangkuman : kesimpulan dari ulasan; tafsiran : bacaan tentang ulasan,4
535,1,alumni/ us; agenda; laba; sampel; teknik; imajinasi; argumen; kostum; ranking; fiksi,5
535,2,teknik membaca : teknik yang langsung membaca laporan tanpa menghafal laporannya setelah menyusun laporan; teknik menghafal : menyampaikan laporan dengan cara menghafalnya terlebih dahulu; teknik serta merta : menyampaikan laporan tanpa membaca & menghafal dengan yang diketahui oleh pembaca dengan serta merta; teknik outline : teknik dengan cara menggaris bawahi pokok2 laporan yang akan disampaikan ,5
535,3,240/ 120 x 60 = 120 kpm,5
535,4,omset; hektare; saksama; silakan; sirop; zaman; apotek; modern; imbau; kuitansi,5
535,5,"orientasi : pendapat terhadap ulasan pementasan drama, eg : penokohannya tidak terlalu dipertegas dalam pementasan drama; tafsiran : pendapat pengulas terhadap pementasan drama; evaluasi : pendapat terhadap kekurangan2 dalam pementasan drama; rangkuman : kesimpulan yang dapat ditarik terhadap ulasan teks",5
615,1,alumni/ alumnus; agenda; laba; sampel; teknik; imajinasi; argumen; kostum; ranking; fiktif,5
615,2,membaca : menyampaikan laporan dengan membaca yang ditulis sebelumnya; menghafal : menyampaikan laporan dengan menghafal yang telah ditulis; serta merta : menyampaikan laporan tanpa membaca ataupun menghafal; outline : menyampaikan laporan dengan menulis gagasan lalu mengembangkan gagasan tersebut,5
615,3,jumlah kata/ waktu x 60 = 240/ 120 x 60= 120 kpm,5
615,4,omset; hektare; saksama; silakan; sirop; zaman; apotek; modern; imbau; kuitansi,5
615,5,orientasi : gambaran umum mengenai objek; tafsiran : gambaran atau pendapat penonton mengenai objek; evaluasi : meneliti kekurangan objek; ranguman / ringkasan : rangkuman atau ringkasan secara keseluruhan,5
616,1,alumnus; agenda; laba; sampel; teknik; imajinasi; argumen; kostum; ranking; fiktif,5
616,2,teknik membaca : membuat teks dan membacanya; teknik menghafal : menghafal semuanya; teknik serta merta : membaca dan menghafal; teknik outline : menulis teks dan dikembangkan,5
616,3,240/ 120 x 60 = 120 kpm,5
616,4,omset; hektare; saksama; silakan; sirup; zaman; apotek; modern; imbau; kuitansi,5
616,5,teks ulasan adalah teks yang diulas kembali,2
617,1,alumnus; rencana; laba; sampel; teknik; imajinasi; argumen; kostum; ranking; fiksi,5
617,2,teknik serta merta : teknik menyampaikan laporan tanpa teks dan tanpa persiapan; teknik outline : teknik menyampaikan laporan dengan menyiapkan laporan berupa gagasan pokok kemudian mengembangkan sendiri; teknik menghafal : teknik menyampaikan laporan dengan cara menghafal seluruh isi teks; teknik membaca : teknik menyampaikan laporan dengan cara membaca seluruh isi teks,5
617,3,240/ 120 x 60 = 120 kpm,5
617,4,omzet; hektare; saksama; silakan; sirop; zaman; apotek; modern; imbau; kuitansi,5
617,5,orientasi : gambaran umum teks ulasan; tafsiran : penafsiran hal yang diulas; evaluasi : hal - hal yang harus diperbaiki; ulasan : gambaran secara rinci tentang objek,5
